name,title,link,date,content
네이버경제,"[ITRC 인재양성대전 2025]〈3〉 경남지능화혁신사업단, AI 스마트제조 서비스 전시",https://www.etnews.com/20250416000315,2025-04-16,경남대학교 경남지능화혁신사업단은 'ITRC 인재양성대전 2025'에서 제조 인공지능(AI) 기술을 결합한 스마트제조 서비스와 드론을 선보인다. 경남대 경남지능화혁신사업단은 2019년 설립된 ICT·SW융합혁신사업단과 2023년 설립된 초거대 제조AI 글로벌공동연구센터를
네이버경제,트립비토즈 “2030세대 여행지 환율·물가 따진다”,https://www.etnews.com/20250416000314,2025-04-16,"트립비토즈는 2025년 1월과 4월 예약 데이터를 비교 분석한 결과 2030 여행객들이 환율과 항공료, 현지 물가에 따라 여행지를 유연하게 변경하고 있는 것으로 나타났다고 15일 밝혔다. 가장 두드러지는 변화는 미국과 베트남의 순위 변동이다. 1월 기준으로 미국은 인기"
네이버경제,"기재부, 자체평가서 미래 대응 정책 낙제점…“도전성 부족” 지적",https://www.etnews.com/20250416000313,2025-04-16,"기획재정부가 미래사회 변화 대응과 미래세대 대상 정책에서 낙제점을 받았다. 일부 과제는 달성하기 쉬운 성과지표를 설정해 달성은 했으나 도전성이 부족하다는 지적이 나왔다. 16일 기재부 자체평가 결과보고서에 따르면 '미래사회 변화 대응', '재정제도 혁신' 등의 과제가"
네이버경제,[포토] 전자신문 테크데이: 반도체 유리기판의 모든 것,https://www.etnews.com/20250416000312,2025-04-16,전자신문 주최 '전자신문 테크데이 : 반도체 유리기판의 모든 것'행사가 16일 서울 강남구 포스코타워에서 열렸다. 행사에 참석한 청중들이 강연을 경청하고 있다.
네이버경제,[포토] 전자신문 테크데이: 반도체 유리기판의 모든 것,https://www.etnews.com/20250416000311,2025-04-16,전자신문 주최 '전자신문 테크데이 : 반도체 유리기판의 모든 것'행사가 16일 서울 강남구 포스코타워에서 열렸다. 행사에 참석한 청중들이 강연을 경청하고 있다.
네이버경제,"금오공대 가족회사 네스트, '엔비디아 인셉션' 선정…글로벌 시장 진출 청신호",https://www.etnews.com/20250416000310,2025-04-16,"국립금오공과대학교(총장 곽호상)는 가족회사 네스트(대표 장승원)가 국립금오공대 슈퍼컴퓨팅센터의 지원을 받아 최근 '엔비디아 인셉션'에 최종 선정됐다고 16일 밝혔다. '엔비디아 인셉션(NVIDIA Inception)'은 인공지능(AI), 데이터과학, 고성능 컴퓨팅 분야"
네이버경제,"[유리기판 테크데이] 주성엔지니어링 “금속 박막 형성 난제, 원자층증착이 해법”",https://www.etnews.com/20250416000308,2025-04-16,"주성엔지니어링이 유리기판 금속 박막 형성 해법으로 원자층증착(ALD) 기술을 제시했다. 박막을 증착해야 반도체에 전기적 성질을 부여할 수 있는데, 유리기판은 소재 특성상 이 공정의 기술 난도가 높다. 주성엔지니어링은 ALD 기술이 난제를 해결할 열쇠가 될 것이라고 강조"
네이버경제,"트럼프 측근, 내부자 거래?...'관세 유예' 발표 직전 테슬라·애플 등 주식 풀매수",https://www.etnews.com/20250416000260,2025-04-16,"도널드 트럼프 행정부의 관세 정책으로 주식 시장이 롤러코스터를 타는 가운데, 90일간 상호관세 유예를 밝히기 직전 친(親) 트럼프 하원의원이 수십만 달러 규모의 주식을 산 것으로 알려져 논란이 되고 있다. 15일(현지 시각) 영국 블룸버그 통신에 따르면 트럼프 충성파로"
네이버경제,"美 국립보건원, 중국 등 우려국가 암 통계 데이터 접근 차단",https://www.etnews.com/20250416000309,2025-04-16,미국 국립보건원(NIH)이 최근 중국 등 우려 국가에서 접근하지 못하도록 차단한 데이터 저장소 목록에 암 통계 데이터베이스(DB)가 포함된 것으로 나타났다. 암 통계 DB는 중국 과학자가 많이 활용하는 품목이다. 16일 외신에 따르면 미국이 민감한 개인 데이터와 정부
네이버경제,"신한은행, 인천 중구와 '땡겨요' 상생 배달서비스 업무협약 체결",https://www.etnews.com/20250416000307,2025-04-16,신한은행(행장 정상혁)은 인천 중구와 상생배달앱 서비스 운영을 위한 업무협약을 체결했다고 16일 밝혔다. 협약식은 이날 인천시 중구 관동1가 소재 중구청 제1청사에서 진행됐다. 신한은행은 인천 중구 소재 '땡겨요' 신규 입점 가맹점에 자체 쿠폰 발행을 위한 '사장님 지
네이버경제,"현대모비스, 상하이모터쇼에 신기술 10종 공개…“中 수주 2억달러 목표”",https://www.etnews.com/20250416000306,2025-04-16,"현대모비스가 23일 개막하는 오토상하이 2025(상하이모터쇼)에서 중국 시장 특화 신기술을 선보인다. 상하이모터쇼 참가를 시작으로 현지 고객 대상 제품 로드쇼를 전년 대비 2배 이상 확대, 올해 수주 목표인 2억달러(약 2860억원)을 달성할 계획이다. 현대모비스는 중"
네이버경제,"틱톡, 푸른나무재단·탁틴내일과 청소년 온라인 안전 증진 파트너십",https://www.etnews.com/20250416000305,2025-04-16,"틱톡(TikTok)이 청소년의 안전한 디지털 생활과 정신 건강 증진을 위해 푸른나무재단, 탁틴내일과 각각 파트너십을 체결했다고 16일 밝혔다. 푸른나무재단은 학교 폭력 예방, 피해자 상담·치유 등 사회 변화에, 탁틴내일은 피해자 지원, 연구, 법 제도 개선 등 아동 청"
네이버경제,"인튜이티브, 서울시에 150억 투자…수술혁신센터 고도화",https://www.etnews.com/20250416000304,2025-04-16,"인튜이티브서지컬코리아는 서울시와 100만달러(약 150억원) 규모의 상호협력 양해각서(MOU)를 체결했다고 16일 밝혔다. 이번 협약으로 인튜이티브는 향후 5년간 수술혁신센터 기능 고도화와 신규사업 추진 등을 위해 서울시에 150억원을 투자하고, 100명을 추가 고용할"
네이버경제,[포토] '이건 찍어야해',https://www.etnews.com/20250416000303,2025-04-16,전자신문 주최 '전자신문 테크데이 : 반도체 유리기판의 모든 것'행사가 16일 서울 강남구 포스코타워에서 열렸다. 행사에 참석한 청중들이 강연을 경청하고 있다.
네이버경제,[포토] 2025 토스뱅크 미디어데이,https://www.etnews.com/20250416000302,2025-04-16,"이은미 토스뱅크 대표가 16일 서울 여의도 페어몬트호텔에서 열린 2025 미디어데이에서 취재진의 질문에 답변하고 있다. 이 대표는 “고객 중심 최적화, 기술 내재화, 글로벌 확장을 통해 미래형 은행으로 나가고자 한다”고 밝혔다."
네이버경제,"DGB사회공헌재단, iM사회공헌재단으로 새출발",https://www.etnews.com/20250416000301,2025-04-16,"iM금융그룹 DGB사회공헌재단은 'iM사회공헌재단'으로 사명을 변경한다고 16일 밝혔다. iM사회공헌재단은 지난 2012년 '사회공헌의 새로운 패러다임, 꿈과 행복을 나누는 따뜻한 금융, 지역 밀착형 상생'을 지향하는 사회복지법인으로 설립됐다. 지난 3월 이사회를 통해"
네이버경제,[포토] 토스뱅크 서비스 상품군 확대,https://www.etnews.com/20250416000300,2025-04-16,"이은미 토스뱅크 대표가 16일 서울 여의도 페어몬트호텔에서 열린 2025 미디어데이에서 향후 3~5년 간의 중장기 전략을 발표하고 있다. 이 대표는 “고객 중심 최적화, 기술 내재화, 글로벌 확장을 통해 미래형 은행으로 나가고자 한다”고 밝혔다."
네이버경제,[포토] 휴머노이드 로봇과 악수하는 해외 관람객,https://www.etnews.com/20250416000299,2025-04-16,"전자제조, 스마트팩토리, 자동차 산업을 한눈에 확인할 수 있는 오토모티브월드코리아(Automotive World Korea)와 한국전자제조산업전(Electronics Manufacturing Korea)이 16일 서울 삼성동 코엑스에서 열렸다. 외국 관람객이 탑로보틱스"
네이버경제,역행하는 개인정보 손해배상 제도…'의무가입 대상' 200여곳뿐,https://www.etnews.com/20250416000298,2025-04-16,정부가 발표한 개인정보 손해배상제도 합리화 방안을 두고 우려 목소리가 제기된다. 개선방안이 제도 취지에 역행할뿐더러 근본적인 문제 해결과는 동떨어져 있다는 지적이다. 지난달 개보위는 '개인정보 손해배상책임 보장제도 합리화 방안'을 발표했다. 개인정보보호 배상책임보험 의
네이버경제,한국GM “신차 지속 출시·공장 정상 가동”…'철수설' 일축,https://www.etnews.com/20250416000297,2025-04-16,한국GM이 한국 시장 중요성을 강조하며 철수설을 일축했다. 신차 출시와 공장 가동을 지속하겠다는 의지를 밝혔다. 헥터 비자레알 한국GM 사장은 16일 광명시 아이벡스 스튜디오에서 캐딜락 대형 스포츠유틸리티차(SUV) '더 뉴 에스컬레이드' 출시 행사에서 “한국은 전략적
네이버경제,"코인원·코빗, 3년 적자에도 순익 흑자…고팍스는 손실 확대",https://www.etnews.com/20250416000296,2025-04-16,"국내 주요 가상자산거래소인 코인원·코빗·고팍스가 3년 연속 영업손실을 기록했다. 다만, 지난해 말 트럼프발(發) 가상자산 시장 훈풍으로 일부 거래소는 순이익에서 반등을 보였다. 고팍스는 미지급 채무 부담에 가상자산 가격 상승이 되레 손실을 키우며 순익까지 적자를 면치"
네이버경제,"자비스앤빌런즈, 정책연구소 '삼쩜삼 리서치랩' 출범",https://www.etnews.com/20250416000295,2025-04-16,"삼쩜삼을 운영하는 자비스앤빌런즈가 정책연구소 '삼쩜삼 리서치랩'을 설립했다고 16일 밝혔다. 삼쩜삼 리서치랩은 납세자들이 겪는 여러 세금 문제에 착안해 정책 혁신을 위한 다양한 제언을 도출한다. 삼쩜삼과 사용자 경험이 맞닿는 조세 정책과 데이터 산업, 스타트업 생태계,"
네이버경제,"경북TP, 전국 최초 중기부 '지역주도 소공인 육성 프로젝트' 광역전담기관 선정",https://www.etnews.com/20250416000293,2025-04-16,경북테크노파크(경북TP·원장 하인성)가 지역 소공인을 위한 맞춤형 지원에 나선다. 경북TP는 최근 중소벤처기업부가 올해 처음으로 시행하는 '지역주도 소공인 육성 프로젝트'의 전국 최초 소공인 광역전담기관으로 선정됐다. 경북도가 첫 추진 지자체로 이름을 올리게 됐다고 1
네이버경제,"Sh수협은행, 대부도 람사르 습지에서 '플로깅 캠페인' 개최",https://www.etnews.com/20250416000291,2025-04-16,"Sh수협은행(행장 신학기)은 경기도 안산 대부도 람사르 습지에서 '해안가 환경정화 플로깅 캠페인'을 진행했다고 16일 밝혔다. 지난 15일 Sh수협은행은 우리바다클린운동본부, 한국화학산업협회 등과 함께 2025년 첫 플로깅을 진행했다. 행사에는 최민성 Sh수협은행 기업"
네이버경제,"한진 물류 네트워크, 실시간 공간정보로 디지털트윈을 그리다",https://www.etnews.com/20250416000289,2025-04-16,모빌테크(Mobiltech)가 휴데이터스와 지난 11일 한진 서울복합물류센터에서 '디지털트윈과 물류데이터 공동 성장 선언식'을 열었다. 전국 물류 네트워크를 활용한 고정밀 지도(HD Map) 구축 프로젝트를 공식 발표했다. 모빌테크는 휴데이터스와 협력해 자체 개발한 L
네이버경제,"[에듀플러스]2025 기술이전 사업화 컨퍼런스 개막, 전국 기술이전 사업화 산·학·연 관계자 모였다",https://www.etnews.com/20250416000288,2025-04-16,"기술이전 사업화의 현황을 돌아보고 앞으로의 정책 방향 등을 함께 모색하는 '2025 기술이전 사업화 컨퍼런스'가 16일 제주 메종글라스에서 개막했다. 2025 기술이전사업화컨퍼런스는 기술이전·사업화 우수사례·관련 지식, 최신 이슈·트렌드 등을 공유하는 국내 최대 기술이"
네이버경제,"새만금개발청, 중점사업 재정집행 점검회의 개최…“'기업하기 좋은 새만금' 구축”",https://www.etnews.com/20250416000287,2025-04-16,새만금개발청(청장 김경안)은 16일 새만금 권역의 민생경제 및 건설경기 회복 등을 지원하기 위해 올해 사회간접자본(SOC) 등 중점사업에 대한 재정집행 점검회의를 개최했다. 이번 회의를 주재한 조홍남 차장은 올해 1분기 신속집행 상황과 향후 추진계획 등을 점검하고 한국
네이버경제,밴티브코리아 출범…“신장 넘어 장기 치료 전문기업 도약”,https://www.etnews.com/20250416000286,2025-04-16,박스터 신장사업부에서 독립한 밴티브가 새로운 출발을 알렸다. 70여년간 쌓아온 신장 치료 경험을 바탕으로 장기 치료 전문기업으로 도약을 다짐했다. 밴티브코리아는 16일 서울 중구 롯데호텔에서 국내 출범을 맞아 기자간담회를 갖고 사업계획을 소개했다. 밴티브는 지난 2월
네이버경제,"TS, 고령운전자 '페달 오조작' 방지장치 시범 보급…연내 900명 지원",https://www.etnews.com/20250416000285,2025-04-16,"고령운전자의 운전 미숙에 따른 교통사고를 줄이기 위해 정부와 민간이 손을 잡았다. 한국교통안전공단(TS)은 경찰청, 손해보험협회와 함께 고령자 교통안전 확보를 위해 '페달 오조작 방지장치' 보급 사업에 착수한다고 16일 밝혔다. 급가속을 제어하는 이 장치는 정차 또는"
네이버경제,"크랙 앤 칼 골프, 현대백화점 판교점 7층 브릿존 팝업 오픈",https://www.etnews.com/20250416000284,2025-04-16,씨디씨골프 앤 스포츠에서 전개하는 프리미엄 골프웨어 '크랙 앤 칼 골프(Craig & Karl Golf)'가 현대백화점 판교점 7층 브릿존에서 24일까지 팝업스토어를 진행한다. 이번 팝업스토어는 미니골프(MINI GOLF) 4단계 퍼팅존 설치와 함께 아티스트의 작품도
연합뉴스,"[영상] '3조' 끊기고도 트럼프에 맞서는 하버드 ""독립성 놓고 협상없다""",https://www.yna.co.kr/view/AKR20250416105900704,2025-04-16,"(서울=연합뉴스) 현지시간 15일, 도널드 트럼프 미국 대통령이 자신의 소셜미디어에 올린 글입니다. "
연합뉴스,"부산해수청, 북항 재개발 지하차도 정밀안전점검 용역",https://www.yna.co.kr/view/AKR20250416098500051,2025-04-16,(부산=연합뉴스) 김상현 기자 = 부산해양수산청 부산항건설사무소는 부산 북항 재개발 배후도로(지하차도) 건설공사에 대한 정밀안전점검 용역에 들어...
연합뉴스,[연합뉴스 이 시각 헤드라인] - 14:30,https://www.yna.co.kr/view/AKR20250416102100011,2025-04-16,"■ 최상목 청문회…&quot;마은혁 미임명 헌법 형해화&quot;·&quot;스토킹 탄핵&quot;
"
연합뉴스,리츠가 부동산 개발사업까지…'프로젝트 리츠법' 국회 소위 통과,https://www.yna.co.kr/view/AKR20250416104000003,2025-04-16,(서울=연합뉴스) 박초롱 기자 = 리츠(REITs·부동산투자회사)가 부동산 투자뿐 아니라 개발·임대사업까지 할 수 있는 길이 열린다.
연합뉴스,"경남대, '창원국가산단 채용연계형 현장실습 확대' 다자 협약",https://www.yna.co.kr/view/AKR20250416103300052,2025-04-16,"(창원=연합뉴스) 정종호 기자 = 경남대학교는 16일 대학 본관 소회의실에서 한국산업단지공단 경남지역본부, 디지털 첨단제조융합 협의체와 다자간 ..."
연합뉴스,서울 6억원 이하 아파트 거래 2년새 반토막…경기·인천도 줄어,https://www.yna.co.kr/view/AKR20250416103600003,2025-04-16,(서울=연합뉴스) 권혜진 기자 = 지난해 서울에서 6억원 이하 아파트 거래가 2년 전과 비교해 절반 수준으로 줄어든 것으로 나타났다.
연합뉴스,"애플, 최신 AI칩 탑재 맥북 에어 신제품 오늘 국내 출시",https://www.yna.co.kr/view/AKR20250416102500017,2025-04-16,(서울=연합뉴스) 조현영 기자 = 애플의 최신 칩을 탑재한 맥북 에어 신제품이 16일 국내 정식 출시됐다.
연합뉴스,"두산에너빌리티, 스타트업 발굴·육성 지원…1억5천만원 기부",https://www.yna.co.kr/view/AKR20250416102300052,2025-04-16,(창원=연합뉴스) 김선경 기자 = 두산에너빌리티는 16일 경남창조경제혁신센터에서 지역 스타트업 발굴·육성을 위한 기부금 1억5천만원을 전달했다고...
연합뉴스,"인제대, 3년 연속 '대학특화 청년창업 지원사업' 선정",https://www.yna.co.kr/view/AKR20250416101300052,2025-04-16,(김해=연합뉴스) 최병길 기자 = 인제대학교는 경남도와 경남창조경제혁신센터가 주관하는 &apos;2025년 대학특화 청년창업 활성화 지원 사업&apos;에 3년 ...
연합뉴스,"조달청·산업기술기획평가원, 조달기업 해외시장 진출 지원 협약",https://www.yna.co.kr/view/AKR20250416099800063,2025-04-16,(대전=연합뉴스) 이은파 기자 = 조달청은 16일 정부대전청사에서 한국산업기술기획평가원(KEIT)과 &apos;국내기업의 공공판로지원 및 해외조달시장 진...
연합뉴스,'대덕특구 재창조 허브' 대전시 마중물 플라자 '첫 삽',https://www.yna.co.kr/view/AKR20250416042500063,2025-04-16,(대전=연합뉴스) 김준호 기자 = 대덕특구 재창조 허브 역할을 할 &apos;마중물 플라자&apos; 건립이 본격화된다.
연합뉴스,'2025 장애인고용촉진대회' 개최…유공자 30명 포상·표창,https://www.yna.co.kr/view/AKR20250416053300530,2025-04-16,(서울=연합뉴스) 김은경 기자 = &apos;2025 장애인고용촉진대회&apos;가 16일 서울 영등포구 FKI타워 컨퍼런스센터에서 열렸다. 
연합뉴스,전세사기 특별법 2년 연장 사실상 확정…국회 국토소위 통과(종합),https://www.yna.co.kr/view/AKR20250416095800003,2025-04-16,(서울=연합뉴스) 박초롱 기자 = 전세사기 피해자를 지원하기 위한 특별법 종료 시점이 2년 연장된다. 
연합뉴스,"쿠팡, 경북 고령군과 농·특산물 판로 확대 협약…""농가와 상생""",https://www.yna.co.kr/view/AKR20250416096100030,2025-04-16,(서울=연합뉴스) 전성훈 기자 = 쿠팡은 경상북도 고령군과 지역 농·특산물 온라인 판로 및 신규 매입 확대를 위한 업무협약(MOU)을 맺었다고 ...
연합뉴스,"동성제약, 20억원 3자배정 유상증자 결정",https://www.yna.co.kr/view/AKR20250416086900008,2025-04-16,(서울=연합뉴스) 코스피 상장사 동성제약[002210]은 운영자금 등 약 20억원을 조달하고자 제3자배정 유상증자를 결정했다고 16일 공시했다.
연합뉴스,"공공운수노조 ""실질임금 하락 탓 생계 압박…최저임금 인상해야""",https://www.yna.co.kr/view/AKR20250416087900004,2025-04-16,(서울=연합뉴스) 이율립 기자 = 내년도 최저임금 심의를 위한 최저임금위원회의 첫 회의가 오는 22일 예정된 가운데 노동단체가 물가와 생계비를 ...
연합뉴스,"김경수 ""AI 100조 투자, 필요시 증세 논의""…李에 정책맞불(종합)",https://www.yna.co.kr/view/AKR20250416042451001,2025-04-16,(서울=연합뉴스) 김영신 안정훈 기자 = 더불어민주당 김경수 대선 경선 후보는 16일 &quot;AI(인공지능) 주권 확보와 산업의 전환에 향후 5년간 ...
연합뉴스,"""광주 도시가스 신규 공급 중단""…해양에너지 ""중단 아닌 지연""",https://www.yna.co.kr/view/AKR20250416087500054,2025-04-16,(광주=연합뉴스) 박철홍 기자 = 광주 지역에 도시가스를 독점 공급하는 해양에너지 측이 이달부터 관내 신축 건물 도시가스 공급을 중단했다는 비판...
연합뉴스,"[게시판] 성동경찰서, 청소년 사이버 성폭력 예방 협업체계 구축",https://www.yna.co.kr/view/AKR20250416087300004,2025-04-16,"▲ 서울 성동경찰서는 지난 15일 서울시여성가족재단, 성동광진교육지원청, 광진경찰서와 아동·청소년 사이버 성폭력 예방을 위한 업무협약을 체결했다..."
연합뉴스,"메릴랜드 주지사 ""韓 미래산업 파트너"" 무협회장 ""협력 희망""",https://www.yna.co.kr/view/AKR20250416041200003,2025-04-16,(서울=연합뉴스) 이슬기 기자 = 한국무역협회는 16일 서울 강남구 그랜드인터컨티넨탈 호텔에서 웨스 무어 미 메릴랜드 주지사를 초청해 무역업계 ...
연합뉴스,"한국GM, '철수설'에 ""루머 무대응 원칙…계속 신모델 낼 것""(종합)",https://www.yna.co.kr/view/AKR20250416002301003,2025-04-16,(광명=연합뉴스) 임성호 기자 = 미국 트럼프 정부의 관세 부과 여파로 제너럴모터스(GM) 한국 사업장(한국GM)의 국내 철수설이 계속 나오는 ...
연합뉴스,"CBI, 10억원 3자배정 유상증자 결정",https://www.yna.co.kr/view/AKR20250416084100008,2025-04-16,(서울=연합뉴스) 코스닥 상장사 CBI[013720]는 운영자금 등 10억원을 조달하고자 제3자배정 유상증자를 결정했다고 16일 공시했다.
연합뉴스,"""디오메르 선크림 등 2종, 호르몬 영향 물질 한도 초과""",https://www.yna.co.kr/view/AKR20250415108100030,2025-04-16,(서울=연합뉴스) 성혜미 기자 = 호르몬에 영향을 줄 수 있는 물질의 사용 한도를 초과한 선크림 2종이 적발됐다. 
연합뉴스,영업비밀 요구하고 거래처 제한…'대리점 갑질' 한국타이어 제재,https://www.yna.co.kr/view/AKR20250416060400002,2025-04-16,"(세종=연합뉴스) 박재현 기자 = 대리점에 영업 비밀에 해당하는 금액 정보를 요구하고, 지정한 거래처에서만 소모품을 받도록 제한한 한국타이어가 ..."
연합뉴스,한·일 국세청장 회의…해외 은닉재산 국제공조 강화,https://www.yna.co.kr/view/AKR20250416063300002,2025-04-16,(세종=연합뉴스) 송정은 기자 = 국세청은 15일 일본 도쿄에서 일본 국세청과 한·일 국세청장 회의를 했다고 16일 밝혔다.
연합뉴스,내달부터 파킹통장도 비교·추천…온라인 예금중개 제도화,https://www.yna.co.kr/view/AKR20250416078800002,2025-04-16,(서울=연합뉴스) 이율 기자 = 내달부터 파킹통장 등 수시입출식 상품도 온라인 플랫폼에서 비교·추천받을 수 있게 된다.
연합뉴스,코스피 상장사 지난해 30조원 현금배당…평균 시가배당률 3.05%,https://www.yna.co.kr/view/AKR20250416081400008,2025-04-16,(서울=연합뉴스) 조민정 기자 = 유가증권시장(코스피) 12월 결산 상장사들이 지난해 결산을 통해 주주에게 지급한 현금 배당금이 1년 전보다 3...
연합뉴스,"토스뱅크, 내년 주담대 출시한다…""기존 상품과는 다르게""(종합)",https://www.yna.co.kr/view/AKR20250416053751002,2025-04-16,(서울=연합뉴스) 민선희 기자 = 인터넷전문은행 토스뱅크는 내년 주택담보대출을 출시할 예정이라고 밝혔다.
연합뉴스,"SH ""구룡마을 분양권·입주권 매매 불가…물딱지 거래 주의""",https://www.yna.co.kr/view/AKR20250416083800004,2025-04-16,(서울=연합뉴스) 정수연 기자 = 서울주택도시공사(SH공사)는 16일 개포 구룡마을 도시개발구역은 분양권·입주권 거래가 불가능하다며 불법 거래에...
연합뉴스,'전세사기 특별법 2년 연장안' 국회 국토소위 통과,https://www.yna.co.kr/view/AKR20250416083600003,2025-04-16,(서울=연합뉴스) 박초롱 기자 = 전세사기 피해자를 지원하기 위한 특별법 종료 시점이 2년 연장된다. 
연합뉴스,"최상목 ""소극적 포트폴리오 추천받아 작년 8월 美국채 매입""",https://www.yna.co.kr/view/AKR20250416082100002,2025-04-16,(세종=연합뉴스) 민경락 기자 = 최상목 부총리 겸 기획재정부 장관은 16일 미국 국채 투자 논란과 관련해 &quot;소극적 포트폴리오 추천을 받아 작년...
연합뉴스,범죄 피해로 퇴사해도 실업급여 받는다…검찰·노동부 지침 마련,https://www.yna.co.kr/view/AKR20250416080800004,2025-04-16,(서울=연합뉴스) 황윤기 기자 = 범죄 피해로 인해 제대로 일할 수 없는 근로자가 보다 쉽게 실업급여를 받을 수 있도록 검찰과 고용노동부가 내부...
연합뉴스,국고채 금리 일제히 하락…3년물 장중 연 2.376%,https://www.yna.co.kr/view/AKR20250416081600008,2025-04-16,(서울=연합뉴스) 16일 국고채 금리가 일제히 하락하고 있다.
연합뉴스,"엔비디아 'H20' 中수출제한…""단기적 영향 적지만 AI 시장 위축""",https://www.yna.co.kr/view/AKR20250416071400003,2025-04-16,(서울=연합뉴스) 한지은 강태우 기자 = 미국 행정부가 엔비디아의 중국용 인공지능(AI) 가속기 &apos;H20&apos;에 대한 수출을 제한하면서 삼성전자와 ...
연합뉴스,연내 '핵심광물 재자원화 활성화 방안' 관계부처 TF 출범,https://www.yna.co.kr/view/AKR20250416056000002,2025-04-16,(세종=연합뉴스) 송정은 기자 = 정부는 지난달 발표한 &apos;핵심 광물 재자원화 활성화 추진 방향&apos;에 따라 연내 구체적인 실행 계획 마련을 위한 관...
연합뉴스,"퓨리움, 산불피해 안동 이재민 위해 '스마트 IoT 에어샤워' 기부",https://www.yna.co.kr/view/AKR20250416073600053,2025-04-16,(안동=연합뉴스) 이승형 기자 = &apos;인공지능 스마트 IoT 에어샤워 게이트&apos; 기업 ㈜퓨리움이 산불로 터전을 잃은 이재민들이 지내는 대피 시설 공...
연합뉴스,로봇수술 1위 인튜이티브 서지컬 150억 투자…서울시 투자유치,https://www.yna.co.kr/view/AKR20250416035400004,2025-04-16,(서울=연합뉴스) 정수연 기자 = 서울시는 로봇수술 분야 세계 1위 기업인 &apos;인튜이티브 서지컬&apos;로부터 150억원 규모의 투자 유치에 성공했다고 ...
연합뉴스,"""육아카페 산모교실서 상조상품 가입 유인…피해자 340명 넘어""",https://www.yna.co.kr/view/AKR20250416072300030,2025-04-16,(서울=연합뉴스) 성혜미 기자 = 육아카페에서 진행한 산모 교실에서 상조 서비스 무료 체험 이벤트에 참여했다가 수 십만원씩 계좌에서 돈이 빠져나...
연합뉴스,"KT ""티빙-웨이브 합병, 티빙 주주가치에 부합하는지 의문""",https://www.yna.co.kr/view/AKR20250416071700017,2025-04-16,(서울=연합뉴스) 조현영 기자 = KT[030200]가 티빙과 웨이브의 합병이 티빙 주주 가치에 부합하지 않는다는 입장을 밝혔다.
연합뉴스,"코스피 장중 하락세 지속 2,460대 등락…코스닥도 내려",https://www.yna.co.kr/view/AKR20250416072600008,2025-04-16,"(서울=연합뉴스) 곽윤아 기자 = 코스피가 16일 장중 하락세를 지속해 2,460대에서 등락하고 있다."
연합뉴스,"해수부, 해운·조선 업계에 탈탄소화 등 환경정책 설명회",https://www.yna.co.kr/view/AKR20250416048100030,2025-04-16,(서울=연합뉴스) 전재훈 기자 = 해양수산부는 오는 17일 부산에서 해운·조선 업계를 대상으로 최근 국제해사기구(IMO)에서 승인된 선박 온실가...
연합뉴스,2분기 제조업 매출 소폭 감소 전망…디스플레이 증가 예상,https://www.yna.co.kr/view/AKR20250416055000003,2025-04-16,(세종=연합뉴스) 김동규 기자 = 올해 2분기(7∼9월) 한국의 제조업 매출이 전 분기보다 감소할 것으로 보인다는 조사 결과가 나왔다.
연합뉴스,"해수부, 67개 사업장에 항만하역장 재해 예방 시설 설치 지원",https://www.yna.co.kr/view/AKR20250416053600030,2025-04-16,(서울=연합뉴스) 전재훈 기자 = 해양수산부는 항만하역장 근로자의 추락 사고 등을 막기 위한 시설 설치 지원 사업에 67개 업체를 선정했다고 1...
연합뉴스,최신 해양레저 장비 한자리에…부산국제보트쇼 개최,https://www.yna.co.kr/view/AKR20250416057700030,2025-04-16,(서울=연합뉴스) 전재훈 기자 = 해양수산부는 부산시와 함께 오는 18일부터 20일까지 부산 벡스코에서 &apos;2025년 부산국제보트쇼&apos;를 한다고 1...
연합뉴스,"국토부, 19조원 규모 고속철도 추진 UAE에 수주지원단 파견",https://www.yna.co.kr/view/AKR20250416066900003,2025-04-16,(세종=연합뉴스) 박초롱 기자 = 아랍에미리트(UAE)가 19조원 규모의 고속철도 사업을 추진하는 가운데 정부가 수주지원단을 파견해 성과가 주목...
연합뉴스,"""노인성 난청도 산재 인정…2034년 보상액 1조원 넘을 듯""",https://www.yna.co.kr/view/AKR20250416068200003,2025-04-16,(서울=연합뉴스) 홍규빈 기자 = 소음성 난청에 대한 무분별한 산업재해 승인과 보상이 이뤄지고 있다는 지적이 나왔다.
연합뉴스,"토스뱅크, 기업대출 출시한다…해외 진출도 검토",https://www.yna.co.kr/view/AKR20250416053700002,2025-04-16,(서울=연합뉴스) 민선희 기자 = 인터넷전문은행 토스뱅크는 중장기 전략의 일환으로 기업대출 상품 출시를 제시했다.
연합뉴스,"메리츠화재, 자연재해·질병 대비 가축재해보험 출시",https://www.yna.co.kr/view/AKR20250416070000002,2025-04-16,"(서울=연합뉴스) 채새롬 기자 = 메리츠화재는 가축재해보험 상품 판매를 개시하고, 농업정책보험금융원과 가축재해보험 활성화를 위한 업무협약을 체결..."
연합뉴스,"조달청, 올해 1분기 불공정조달 신고 5명에 1천180만원 포상",https://www.yna.co.kr/view/AKR20250416066500063,2025-04-16,(대전=연합뉴스) 이은파 기자 = 조달청은 올해 1분기 공공조달시장에서 계약규격 위반 및 직접생산 위반 납품 등 조달기업의 불공정 조달행위를 신...
연합뉴스,"'파이브가이즈 효과'…""갤러리아 광교 매출·방문객 증가""",https://www.yna.co.kr/view/AKR20250416068500030,2025-04-16,(서울=연합뉴스) 전성훈 기자 = 한화갤러리아[452260]는 갤러리아 광교에 한화유통·서비스 부문이 한데 모이며 시너지 효과가 나타나고 있다고...
연합뉴스,최상목·안덕근 내주 방미협의 추진…'관세 줄이기 협상' 본격화(종합),https://www.yna.co.kr/view/AKR20250416047551002,2025-04-16,(세종=연합뉴스) 민경락 차대운 기자 = 경제 사령탑인 최상목 경제부총리 겸 기재부 장관과 통상 수장인 안덕근 산업통상자원부 장관이 이르면 내주...
연합뉴스,"천안시 ""법적 근거 없는 민간 임대주택·협동조합 계약 주의""",https://www.yna.co.kr/view/AKR20250416066400063,2025-04-16,(천안=연합뉴스) 유의주 기자 = 충남 천안시가 최근 협동조합형 민간임대주택을 표방한 임대형 공동주택 유사 단체가 증가함에 따라 계약과 관련해 ...
연합뉴스,서울서 김밥·비빔밥 지난달에 또 올라…김밥 한줄 3천600원,https://www.yna.co.kr/view/AKR20250416061400030,2025-04-16,(서울=연합뉴스) 성혜미 기자 = 서울에서 소비자가 많이 찾는 주요 외식품목인 김밥과 비빔밥 가격이 지난달에도 올랐다. 
연합뉴스,"LIG넥스원·시큐리티플랫폼 ""국방 AI·무인체계 보안기술 협력""",https://www.yna.co.kr/view/AKR20250416064900003,2025-04-16,(세종=연합뉴스) 김동규 기자 = LIG넥스원은 지난 15일 서울사무소에서 보안 전문기업 시큐리티플랫폼과 &apos;국방 인공지능(AI) 및 무인체계 보...
연합뉴스,"쿠팡, 중소상공인 대상 온라인 판매 설명회…성장 노하우 공유",https://www.yna.co.kr/view/AKR20250416064800030,2025-04-16,(서울=연합뉴스) 전성훈 기자 = 쿠팡은 지난 15일 서울 코엑스에서 자사에 입점한 판매자들과 온라인 판매 노하우 및 마케팅 기법을 공유하는 &apos;...
연합뉴스,"""건설 사망사고 과반이 추락""…건설업계 현장 안전 점검 강화",https://www.yna.co.kr/view/AKR20250416064000003,2025-04-16,(서울=연합뉴스) 권혜진 기자 = 건설사들이 정부의 추락사고 근절 대책 추진에 앞다퉈 동참하며 현장 안전 점검 강화에 나섰다.
연합뉴스,캐딜락 '더 뉴 에스컬레이드' 출시…55인치 초대형 LED화면 탑재,https://www.yna.co.kr/view/AKR20250416002300003,2025-04-16,(광명=연합뉴스) 임성호 기자 = 제너럴모터스(GM)의 고급 브랜드 캐딜락을 대표하는 럭셔리 대형 스포츠유틸리티차(SUV) &apos;더 뉴 에스컬레이드...
연합뉴스,"광주 중견 건설업체 대표이사, 사기 혐의 피소",https://www.yna.co.kr/view/AKR20250416054300054,2025-04-16,(광주=연합뉴스) 정회성 기자 = 광주지역 중견 건설업체가 아파트 사업 수익금을 제대로 정산하지 않은 혐의로 경찰에 고소됐다.
연합뉴스,[연합뉴스 이 시각 헤드라인] - 10:30,https://www.yna.co.kr/view/AKR20250416054900011,2025-04-16,"■ 美, 엔비디아 &apos;H20 칩 中 수출&apos; 제한 통보…&apos;중국 압박&apos; 강화
"
연합뉴스,"미래에셋증권, 사내 AI 확산 위한 'AIOps 플랫폼' 구축",https://www.yna.co.kr/view/AKR20250416058100008,2025-04-16,(서울=연합뉴스) 조성흠 기자 = 미래에셋증권[006800]은 인공지능(AI) 기반 업무 자동화와 전사 AI 활용 확산을 위해 &apos;AIOps 플랫...
연합뉴스,"현대홈쇼핑, 유망 스타트업 키운다…""개방형 혁신으로 동반성장""",https://www.yna.co.kr/view/AKR20250416054800030,2025-04-16,"(서울=연합뉴스) 전성훈 기자 = 현대홈쇼핑[057050]은 서울시 창업기관인 서울경제진흥원, 스타트업 분석 플랫폼 운영사인 마크앤컴퍼니와 함께..."
연합뉴스,"전국 아파트 매매 석달 연속 증가…""3월 거래액, 1월의 2배""",https://www.yna.co.kr/view/AKR20250416048700003,2025-04-16,(서울=연합뉴스) 권혜진 기자 = 올해 들어 전국 아파트 매매량과 매매액이 석달 연속 증가한 것으로 나타났다.
연합뉴스,"플랫폼 사칭하며 계약 유도…공정위, 7개 광고대행사 수사 의뢰",https://www.yna.co.kr/view/AKR20250416044700002,2025-04-16,(세종=연합뉴스) 박재현 기자 = 공정거래위원회는 대형 플랫폼이나 공공기관을 사칭하는 등의 방식으로 자영업자들을 속여 광고 대행 계약을 체결한 ...
연합뉴스,"최상목, 내주 美재무장관 만난다…통상현안 논의할듯",https://www.yna.co.kr/view/AKR20250416047500002,2025-04-16,(세종=연합뉴스) 민경락 기자 = 최상목 부총리 겸 기획재정부 장관이 다음주 주요20개국(G20) 재무장관 회의 참석차 미국 워싱턴DC를 방문해...
연합뉴스,고양 K-컬처밸리 아레나 부지 개발 민간사업자 이달말 공모,https://www.yna.co.kr/view/AKR20250416050900061,2025-04-16,(수원=연합뉴스) 최찬흥 기자 = 경기도는 고양 K-컬처밸리 내 T2(테마파크2) 부지의 민간개발 사업자를 이달 말 공모할 계획이라고 16일 밝...
연합뉴스,"[게시판] 삼양라운드스퀘어, 과학기술축제서 체험형 부스 운영",https://www.yna.co.kr/view/AKR20250416051400030,2025-04-16,▲ 삼양라운드스퀘어는 16∼20일 대전에서 열리는 &apos;대한민국 과학기술축제&apos;에 참가해 푸드케어를 주제로 한 체험형 부스를 운영한다고 16일 밝혔다...
연합뉴스,"전남도, 광양만권 '미래첨단소재 국가산단' 지정 추진",https://www.yna.co.kr/view/AKR20250416049100054,2025-04-16,(무안=연합뉴스) 형민우 기자 = 전남도는 광양만권의 미래첨단소재 국가산업단지 지정을 본격적으로 추진한다고 16일 밝혔다.
연합뉴스,"신한투자증권, 시니어 인력 적극 활용…'마이스터 클럽' 신설",https://www.yna.co.kr/view/AKR20250416049800008,2025-04-16,(서울=연합뉴스) 조민정 기자 = 신한투자증권이 풍부한 경험과 노하우를 가진 시니어 인력의 활용을 위해 우수 PB와 지점장을 대상으로 &apos;마이스터...
연합뉴스,"팔도, '비락식혜 경복궁 에디션' 출시…국가유산진흥원과 맞손",https://www.yna.co.kr/view/AKR20250416048600030,2025-04-16,(서울=연합뉴스) 신선미 기자 = 종합식품기업 팔도는 국가유산진흥원과 협력해 &apos;비락식혜 경복궁 에디션&apos;을 출시했다고 16일 밝혔다.
연합뉴스,"키움증권-카카오뱅크, 전략적 업무 협약…비대면 자산관리 확장",https://www.yna.co.kr/view/AKR20250416048000008,2025-04-16,(서울=연합뉴스) 송은경 기자 = 키움증권[039490]은 16일 카카오뱅크[323410]와 전략적 업무협약(MOU)을 체결했다고 밝혔다.
연합뉴스,"KB증권, 내일 유튜브 채널서 '자산관리 세미나'",https://www.yna.co.kr/view/AKR20250416047900008,2025-04-16,(서울=연합뉴스) 이민영 기자 = KB증권은 오는 17일 오후 4시 자사 유튜브 채널 &apos;깨비증권 마블TV&apos;에서 &apos;2025 KB 자산관리 라이브 ...
연합뉴스,"금융투자협회, 2025년도 신입직원 공개 채용 실시",https://www.yna.co.kr/view/AKR20250416046000008,2025-04-16,(서울=연합뉴스) 송은경 기자 = 금융투자협회는 2025년 신입직원 공개 채용을 실시한다고 16일 밝혔다.
연합뉴스,[인사] 기획재정부,https://www.yna.co.kr/view/AKR20250416045700002,2025-04-16,◇ 과장급 인사
연합뉴스,"""도전하는 청년에게""…동원 창업주 김재철 명예회장 에세이 출간",https://www.yna.co.kr/view/AKR20250416042700030,2025-04-16,(서울=연합뉴스) 신선미 기자 = &quot;도전이 도전을 낳고 습관이 됐을 뿐이다. 그 습관을 남들은 열정이라고 불렀다.&quot;
연합뉴스,"매일유업, 무설탕 바나나 우유 '바나나는 원래 맛있다' 출시",https://www.yna.co.kr/view/AKR20250416042000030,2025-04-16,(서울=연합뉴스) 전재훈 기자 = 매일유업[267980]은 설탕을 넣지 않은 바나나 우유 신제품 &apos;바나나는 원래 맛있다&apos;를 출시했다고 16일 밝...
연합뉴스,"지그재그, '직진배송' 주7일 적용…CJ대한통운과 협업",https://www.yna.co.kr/view/AKR20250416044000030,2025-04-16,(서울=연합뉴스) 성혜미 기자 = 카카오스타일이 운영하는 스타일 커머스 플랫폼 지그재그는 빠른 배송 서비스 &apos;직진배송&apos;에 주7일 배송 시스템을 ...
연합뉴스,"코스피 美中 갈등 경계 속 하락 2,460대…반도체주 약세(종합)",https://www.yna.co.kr/view/AKR20250416033451008,2025-04-16,"(서울=연합뉴스) 곽윤아 기자 = 코스피가 미국과 중국 간 무역 갈등 확대 조짐을 경계하며 16일 장 초반 2,460대에서 약세를 보이고 있다."
연합뉴스,"한투운용, 퇴직연금 공모펀드 수탁액 올들어 5천억원 이상 늘어",https://www.yna.co.kr/view/AKR20250416040200008,2025-04-16,(서울=연합뉴스) 김태균 기자 = 한국투자신탁운용은 올해 연초 이후 퇴직연금 공모펀드 수탁고의 증가액이 5천억원을 넘겼다고 16일 밝혔다.
연합뉴스,하루 임대료 1천원…'만세보령 청년 천원주택' 입주 시작,https://www.yna.co.kr/view/AKR20250416041300063,2025-04-16,"(보령=연합뉴스) 정윤덕 기자 = 충남 보령시는 하루 1천원, 월 3만원의 임대료만 내면 되는 &apos;만세보령 청년 천원주택&apos; 입주가 시작됐다고 16..."
연합뉴스,[특징주] 트럼프 대중 반도체 수출 규제에 반도체주 일제 하락,https://www.yna.co.kr/view/AKR20250416039600008,2025-04-16,(서울=연합뉴스) 이민영 기자 =SK하이닉스 등 국내 반도체주가 16일 트럼프 정부의 대중 반도체 수출 규제 소식에 장 초반 일제히 하락 중이다...
연합뉴스,"[속보] ""최상목, 내주 방미…美재무장관, 통상현안 회의 제안""",https://www.yna.co.kr/view/AKR20250416040600002,2025-04-16,"jun@yna.co.kr
"
연합뉴스,"현대百, 싱가포르 '마리나 베이 샌즈'와 VIP 서비스 제휴",https://www.yna.co.kr/view/AKR20250416036900030,2025-04-16,(서울=연합뉴스) 성혜미 기자 = 현대백화점[069960]은 싱가포르의 대표 랜드마크인 &apos;마리나 베이 샌즈&apos;(Marina Bay Sands)와 ...
연합뉴스,"""사고 안나면 보험료 환급""…삼성화재, 원데이 차보험 특약 출시",https://www.yna.co.kr/view/AKR20250416035200002,2025-04-16,(서울=연합뉴스) 채새롬 기자 = 삼성화재[000810]는 단기 자동차보험인 &apos;원데이 자동차보험&apos;에 무사고 환급 특약을 출시했다고 16일 밝혔다...
연합뉴스,"대신증권, 시니어 고객 대상 '대체거래소' 교육 실시",https://www.yna.co.kr/view/AKR20250416037900008,2025-04-16,(서울=연합뉴스) 조민정 기자 = 대신증권[003540]은 시니어 고객의 디지털 금융 격차 해소를 위해 대체거래소 이용법에 대한 오프라인 교육을...
연합뉴스,"환율, 美 달러 강세 전환에 상승…다시 1,430원대",https://www.yna.co.kr/view/AKR20250416036600002,2025-04-16,"(서울=연합뉴스) 한지훈 기자 = 원/달러 환율은 16일 미국 달러화 가치가 반등한 영향으로 다시 1,430원대로 올라섰다."
연합뉴스,수원·파주·의정부에 경제자유구역 추진…상반기 연구용역,https://www.yna.co.kr/view/AKR20250416035900061,2025-04-16,"(수원=연합뉴스) 최찬흥 기자 = 경기경제자유구역청은 수원, 파주, 의정부시를 대상으로 경제자유구역 지정을 추진한다고 16일 밝혔다.
"
연합뉴스,물가안정 기여…태안 착한가격업소 12곳 추가 지정,https://www.yna.co.kr/view/AKR20250416036800063,2025-04-16,(태안=연합뉴스) 정윤덕 기자 = 충남 태안군은 저렴한 가격으로 소비자들에게 우수한 서비스를 제공하는 착한가격업소 12곳을 추가 지정했다고 16...
연합뉴스,"SPC그룹, 장애 어린이·청소년 위해 2억원 기부",https://www.yna.co.kr/view/AKR20250416037100030,2025-04-16,(서울=연합뉴스) 전재훈 기자 = SPC그룹은 장애인의 날(4월 20일)을 앞두고 장애 어린이와 청소년을 지원하기 위해 조성한 &apos;SPC 행복한펀...
연합뉴스,"한투증권, 뱅키스 고객 대상 실전투자대회…총상금 3천110만원",https://www.yna.co.kr/view/AKR20250416036000008,2025-04-16,(서울=연합뉴스) 임은진 기자 = 한국투자증권은 4월 28일∼6월 6일 온라인 서비스 &apos;뱅키스&apos; 고객을 대상으로 &apos;2025년 제2회 실전투자대회...
연합뉴스,"김우영 ""네카오 5천400억 낼 때 구글 법인세 172억원 그쳐""",https://www.yna.co.kr/view/AKR20250416033800017,2025-04-16,(서울=연합뉴스) 조성미 기자 = 국회 과학기술정보방송통신위원회 소속 김우영 의원(더불어민주당)은 구글이 지난해 낸 법인세가 172억원으로 네이...
연합뉴스,광명 붕괴현장 지하 21ｍ까지 파고 들어가…엿새째 수색 총력,https://www.yna.co.kr/view/AKR20250416031300061,2025-04-16,(광명=연합뉴스) 강영훈 기자 = 경기 광명시 신안산선 지하터널 공사현장 붕괴 사고로 근로자 1명이 실종된 지 엿새째인 16일 소방당국의 수색 ...
연합뉴스,"[게시판] 풀무원샘물, 브랜드 홍보대사에 에드워드 리 셰프 발탁",https://www.yna.co.kr/view/AKR20250416034000030,2025-04-16,▲ 풀무원샘물은 넷플릭스 예능 &apos;흑백요리사&apos;에 출연한 에드워드 리 셰프를 브랜드 앰버서더(홍보대사)로 발탁했다고 16일 밝혔다. 풀무원샘물은 다...
연합뉴스,"코스피 2,470대 약세 출발…코스닥도 내려",https://www.yna.co.kr/view/AKR20250416033400008,2025-04-16,"(서울=연합뉴스) 곽윤아 기자 = 코스피가 16일 2,470대에서 약세로 출발했다."
연합뉴스,"현대리바트, 신개념 인테리어 패키지 '더 룸' 출시",https://www.yna.co.kr/view/AKR20250416030800030,2025-04-16,(서울=연합뉴스) 차민지 기자 = 현대리바트[079430]는 토탈 인테리어 브랜드 &apos;리바트 집테리어&apos; 내에 신개념 인테리어 패키지 &apos;더 룸&apos;을 ...
연합뉴스,외국환시세(4월16일·하나은행 1차 고시 기준),https://www.yna.co.kr/view/AKR20250416032100002,2025-04-16,"(8:30)
"
연합뉴스,"[외환] 원/달러 환율 3.5원 오른 1,429.0원(개장)",https://www.yna.co.kr/view/AKR20250416032200002,2025-04-16,(
연합뉴스,편의점도 스포츠 마케팅…홍대입구에 GS25 FC서울 특화 매장,https://www.yna.co.kr/view/AKR20250416030700030,2025-04-16,(서울=연합뉴스) 전성훈 기자 = GS리테일[007070]이 운영하는 편의점 GS25는 GS스포츠와 손잡고 프로축구단 FC서울을 테마로 한 스포...
연합뉴스,롯데리아 네 번째 지역상생 디저트로 '쥐포튀김'…은혜분식 협업,https://www.yna.co.kr/view/AKR20250416030200030,2025-04-16,(서울=연합뉴스) 전재훈 기자 = 롯데GRS가 운영하는 버거 프랜차이즈 롯데리아는 16일 지역 상생을 위한 &apos;롯리단길 프로젝트&apos; 네 번째 디저트...
연합뉴스,"""올해는 부동산보다 금""…부자들, 불경기 안전자산에 눈 돌린다",https://www.yna.co.kr/view/AKR20250416027500002,2025-04-16,"(서울=연합뉴스) 민선희 기자 = 올해 경기가 나빠질 것으로 예상한 부자들이 예금, 금, 채권 등 안전자산 투자 비중을 늘리는 것으로 나타났다."
연합뉴스,시민과 함께 지키는 지식재산…문체부 '저작권 보호 캠페인',https://www.yna.co.kr/view/AKR20250416028200005,2025-04-16,"(서울=연합뉴스) 임순현 기자 = 문화체육관광부와 한국저작권위원회, 한국저작권보호원은 오는 23일 &apos;세계 책과 저작권의 날&apos;을 맞아 17∼30일..."
연합뉴스,"LH, 3기 신도시에 축구장 315배 크기 '공기정화 도시숲' 조성",https://www.yna.co.kr/view/AKR20250416028400003,2025-04-16,(서울=연합뉴스) 권혜진 기자 = 한국토지주택공사(LH)가 3기 신도시에 축구장 315배 크기의 &apos;공기정화 도시숲&apos;을 조성한다.
연합뉴스,"농심 '농심라면', 재출시 석 달 만에 1천만봉 판매",https://www.yna.co.kr/view/AKR20250416028000030,2025-04-16,(서울=연합뉴스) 전재훈 기자 = 농심[004370]은 창립 60주년을 맞아 지난 1월 재출시한 &apos;농심라면&apos;이 석 달 만에 1천만봉 이상 판매됐...
연합뉴스,"KB증권 ""두산밥캣, 美 관세 무풍지대…투자의견·목표가↑""",https://www.yna.co.kr/view/AKR20250416027900008,2025-04-16,(서울=연합뉴스) 이민영 기자 = KB증권은 16일 두산밥캣[241560]은 장비 대부분을 미국에서 생산하고 있어 트럼프 행정부의 관세 영향력이...
연합뉴스,"'3.5t 화물차 편의점'…CU, 이동형 매장 운영 확대",https://www.yna.co.kr/view/AKR20250416027600030,2025-04-16,(서울=연합뉴스) 전성훈 기자 = BGF리테일[282330]이 운영하는 편의점 CU는 올해 이동형 편의점 운영을 확대한다고 16일 밝혔다. 
연합뉴스,"DB증권 ""SK이노, 정유·배터리 동반 부진…목표가·투자의견↓""",https://www.yna.co.kr/view/AKR20250416026800008,2025-04-16,(서울=연합뉴스) 송은경 기자 = DB증권은 16일 SK이노베이션[096770]의 정유와 배터리 사업이 동반 부진을 겪고 있다며 투자의견과 목표...
연합뉴스,"스타벅스, 장애인의 날 맞아 청년 장애인 작가 협업 상품 출시",https://www.yna.co.kr/view/AKR20250416026500030,2025-04-16,(서울=연합뉴스) 전재훈 기자 = 스타벅스 코리아는 장애인의 날(4월20일)을 앞두고 스타벅스 그림 공모전에서 수상한 청년 장애인 작가의 작품으...
연합뉴스,"NH투자 ""'미용기기' 원텍, 태국·브라질 중심 성장세 탄탄""",https://www.yna.co.kr/view/AKR20250416025900008,2025-04-16,(서울=연합뉴스) 김태균 기자 = NH투자증권은 레이저·고주파 기반의 미용의료기기 제조사인 원텍[336570]에 대해 &quot;태국·브라질 등 국가 중...
연합뉴스,"SK C&C, NH농협 디지털 금융 플랫폼 구축",https://www.yna.co.kr/view/AKR20250416021300017,2025-04-16,(서울=연합뉴스) 김경희 기자 = SK C&amp;amp;C는 16일 농협중앙회와 NH농협은행이 공동 추진한 &apos;NH농협 디지털금융 플랫폼 전환 구축 사...
연합뉴스,"하나증권 ""세아제강, 점차 이익 개선 구간으로 진입…목표가↑""",https://www.yna.co.kr/view/AKR20250416025700008,2025-04-16,"(서울=연합뉴스) 곽윤아 기자 = 하나증권은 16일 세아제강[306200]에 대해 국내 주택 착공 시장 회복, 미국으로의 수출 증가 가능성에 점..."
연합뉴스,"중진공, HD현대미포와 '동반성장 네트워크론' 업무협약",https://www.yna.co.kr/view/AKR20250416025300030,2025-04-16,(서울=연합뉴스) 차민지 기자 = 중소벤처기업진흥공단은 16일 HD현대미포[010620]와 &apos;울산 조선업 글로컬 산업도약을 위한 동반성장 네트워...
연합뉴스,"세븐일레븐 모바일앱 개편 한달…""가입자 70% 늘어""",https://www.yna.co.kr/view/AKR20250416025100030,2025-04-16,(서울=연합뉴스) 전성훈 기자 = 롯데그룹 계열 편의점 세븐일레븐은 모바일 애플리케이션 &apos;세븐앱&apos;을 재단장한 이후 가입자 수가 증가하는 등 긍정...
연합뉴스,"DS투자 ""CJ대한통운, 2분기부터 택배 증가로 실적 개선 가능""",https://www.yna.co.kr/view/AKR20250416024000008,2025-04-16,(서울=연합뉴스) 조성흠 기자 = DS투자증권은 16일 CJ대한통운[000120]에 대해 올해 1분기 실적이 부진하겠으나 2분기부터는 택배 물동...
연합뉴스,"신한투자 ""CJ제일제당, 美 수출분 현지생산…관세 영향 제한적""",https://www.yna.co.kr/view/AKR20250416024300008,2025-04-16,"(서울=연합뉴스) 조민정 기자 = 신한투자증권은 16일 CJ제일제당[097950]이 미국 수출 물량 대부분을 현지에서 생산, 조달하고 있다며 관..."
연합뉴스,"[마켓뷰] ""잠잠해지나 했더니"" 엔비디아발 악재…코스피 또 먹구름",https://www.yna.co.kr/view/AKR20250416021200008,2025-04-16,(서울=연합뉴스) 이민영 기자 = 미중 간 무역 갈등에 대한 경계감 속에 미국 트럼프 행정부가 엔비디아에 대중 반도체 수출 규제를 단행하면서 1...
연합뉴스,"오뚜기, '순살고등어김치찜' 등 전자레인지 간편식 4종 선봬",https://www.yna.co.kr/view/AKR20250416023700030,2025-04-16,(서울=연합뉴스) 전재훈 기자 = 오뚜기[007310]는 전자레인지로 간편하게 조리할 수 있는 간편식 4종을 출시했다고 16일 밝혔다.
연합뉴스,"LS증권, 한국항공우주 목표가 37.7%↑…""지속 성장 기대""",https://www.yna.co.kr/view/AKR20250416023000008,2025-04-16,(서울=연합뉴스) 임은진 기자 = LS증권[078020]은 16일 한국항공우주[047810]에 대해 지속적인 성장이 기대된다면서 목표주가를 37...
연합뉴스,"해양안전공단, 여름 조기출항 대비 '굿모닝 선박검사 서비스'",https://www.yna.co.kr/view/AKR20250416022200030,2025-04-16,(서울=연합뉴스) 전재훈 기자 = 한국해양교통안전공단(KOMSA)은 어업인의 조기 출항이 늘어나는 여름철에 대비해 다음 달부터 오는 9월까지 평...
연합뉴스,"HD현대중 조합원 43% ""올해 임금 17만∼20만원 올려야""",https://www.yna.co.kr/view/AKR20250415154100057,2025-04-16,(울산=연합뉴스) 김근주 기자 = 국내 조선업계 최대 사업장인 HD현대중공업 노사가 올해 임금 협상을 앞둔 가운데 조합원들은 17만∼20만원의 ...
연합뉴스,[연합뉴스 이 시각 헤드라인] - 07:30,https://www.yna.co.kr/view/AKR20250416014700011,2025-04-16,"■ 경기도 지하시설물 유발 &apos;땅꺼짐&apos; 작년에만 29건…대책 부심
"
연합뉴스,"인천 청라의료복합타운 내 학교, 통합 초·중교 대신 초등만",https://www.yna.co.kr/view/AKR20250415112300065,2025-04-16,(인천=연합뉴스) 김상연 기자 = 인천 청라의료복합타운에 들어설 학교 시설이 초·중 통합학교에서 단설 초등학교로 변경된다. 
SBS경제,코스피 상장사 지난해 30조 원 현금배당…평균 시가배당률 3.05%,https://news.sbs.co.kr/news/endPage.do?news_id=N1008065199&plink=RSSLINK&cooper=RSSREADER,2025-04-16,"&#9650; 16일 서울 중구 하나은행 본점 딜링룸 현황판에 코스피, 원/달러 환율, 코스닥 지수가 표시돼 있다.유가증권시장, 코스피 12월 …"
SBS경제,영업 비밀 요구하고 거래처 제한…'대리점 갑질' 한국타이어 제재,https://news.sbs.co.kr/news/endPage.do?news_id=N1008065190&plink=RSSLINK&cooper=RSSREADER,2025-04-16,"대리점에 영업 비밀에 해당하는 금액 정보를 요구하고, 지정한 거래처에서만 소모품을 받도록 제한한 한국타이어가 공정거래위원회 제재를 받게 됐습니다…"
SBS경제,"한국GM, '철수설'에 ""루머 무대응 원칙…계속 신모델 낼 것""",https://news.sbs.co.kr/news/endPage.do?news_id=N1008065176&plink=RSSLINK&cooper=RSSREADER,2025-04-16,&#9650; 16일 경기도 광명시 아이벡스 스튜디오에서 헥터 비자레알 한국GM 사장이 이날 공개된 제너럴모터스의 고급 브랜드 캐딜락을 대표하는…
SBS경제,수입 물가 두 달 연속↓…환율 상승에도 2월보다 0.4%↓,https://news.sbs.co.kr/news/endPage.do?news_id=N1008064959&plink=RSSLINK&cooper=RSSREADER,2025-04-16,지난달 원/달러 환율 상승에도 국제 유가가 한 달 새 7% 내리면서 수입 물가가 두 달 연속 하락했습니다.한국은행이 발표한 수출입물가지수 통계에…
SBS경제,최상목 부총리 다음 주에 방미…협상 카드는 'LNG·조선',https://news.sbs.co.kr/news/endPage.do?news_id=N1008064958&plink=RSSLINK&cooper=RSSREADER,2025-04-16,"다음 주 미국과의 본격적인 관세 협상이 예상되는 가운데, 최상목 경제부총리도 워싱턴을 방문해 미국 재무장관을 만납니다. 양국 재무장관 회의지만, 금융, 외환뿐 아니라 통상 이슈도 함께 다뤄질 걸로 보입니다.보도에 박현석 기자입니다."
SBS경제,2분기 제조업 매출 소폭 감소 전망…디스플레이 증가 예상,https://news.sbs.co.kr/news/endPage.do?news_id=N1008064903&plink=RSSLINK&cooper=RSSREADER,2025-04-16,&#9650; 국내 제조업의 매출 현황 및 전망 BSI 추이올해 2분기 우리나라 제조업 매출이 전 분기보다 감소할 것으로 보인다는 조사 결과가 …
SBS경제,"""육아카페 산모 교실서 상조 상품 가입 유인…피해자 340명 넘어""",https://news.sbs.co.kr/news/endPage.do?news_id=N1008064869&plink=RSSLINK&cooper=RSSREADER,2025-04-16,육아카페에서 진행한 산모 교실에서 상조 서비스 무료 체험 이벤트에 참여했다가 수십만 원씩 계좌에서 돈이 빠져나가는 사건이 발생했습니다.지금까지 …
SBS경제,"국토부, 19조 원 규모 고속철도 추진 UAE에 수주지원단 파견",https://news.sbs.co.kr/news/endPage.do?news_id=N1008064850&plink=RSSLINK&cooper=RSSREADER,2025-04-16,&#9650; KTX 열차아랍에미리트가 19조 원 규모의 고속철도 사업을 추진하는 가운데 정부가 수주지원단을 파견해 성과가 주목됩니다.국토교통부…
SBS경제,최상목·안덕근 내주 방미협의 추진…'관세 줄이기 협상' 본격화,https://news.sbs.co.kr/news/endPage.do?news_id=N1008064807&plink=RSSLINK&cooper=RSSREADER,2025-04-16,&#9650; 안덕근 산업통상자원부 장관과 최상목 대통령 권한대행 부총리 겸 기획재정부 장관경제 사령탑인 최상목 경제부총리 겸 기재부 장관과 통…
SBS경제,서울서 김밥·비빔밥 지난달에 또 올라…김밥 한 줄 3천600원,https://news.sbs.co.kr/news/endPage.do?news_id=N1008064787&plink=RSSLINK&cooper=RSSREADER,2025-04-16,서울에서 소비자가 많이 찾는 주요 외식 품목인 김밥과 비빔밥 가격이 지난달에도 올랐습니다.서울에서 평균 가격 기준 1만 원을 들고 먹을 수 있는…
SBS경제,"무협 ""중소 수출 기업 절반, 외국인 사무직 채용 계획 있어""",https://news.sbs.co.kr/news/endPage.do?news_id=N1008064707&plink=RSSLINK&cooper=RSSREADER,2025-04-16,청년층의 중소기업 기피와 생산 가능 인구가 감소하면서 중소 수출 기업의 인력난이 심화하는 가운데 중소 수출 기업의 약 절반이 외국인 사무직원을 …
SBS경제,금융지주 작년 순이익 24조 원 육박…역대 최고치,https://news.sbs.co.kr/news/endPage.do?news_id=N1008064665&plink=RSSLINK&cooper=RSSREADER,2025-04-16,금융지주회사들이 작년 거둔 순이익이 24조 원에 육박하면서 역대 최대를 기록했습니다.은행을 중심으로 보험과 금융 투자 권역에서도 양호한 실적을 …
SBS경제,"통상본부장 ""90일 유예 기간 활용, 국익 확보에 전력""",https://news.sbs.co.kr/news/endPage.do?news_id=N1008064659&plink=RSSLINK&cooper=RSSREADER,2025-04-16,&#9650; 정인교 산업통상자원부 통상교섭본부장이 16일 서울 중구 대한상공회의소에서 열린 미 관세 조치 대응 제1차 통상정책자문위원회에서 모…
SBS경제,"[친절한 경제] 펫팸족 1,500만…사람 침대 만드는 회사가 만든 이 제품",https://news.sbs.co.kr/news/endPage.do?news_id=N1008064210&plink=RSSLINK&cooper=RSSREADER,2025-04-16,수요일 친절한 경제 시간입니다. 오늘도 한지연 기자와 함께합니다. 안녕하세요. 반려동물을 키우면서 반려동물을 가족과 같이 생각하는 펫팸족이 1천500만 명에 달하는 시대잖아요.
SBS경제,"""올해는 부동산보다 금""…부자들, 불경기 안전자산에 눈 돌린다",https://news.sbs.co.kr/news/endPage.do?news_id=N1008064488&plink=RSSLINK&cooper=RSSREADER,2025-04-16,"올해 경기가 나빠질 것으로 예상한 부자들이 예금, 금, 채권 등 안전자산 투자 비중을 늘리는 것으로 나타났습니다.다만 40대 이하 부자 &#39…"
SBS경제,"""관세는 핑계였다?""…현대차가 미국에 '31조 승부수' 띄운 진짜 이유 [스프]",https://news.sbs.co.kr/news/endPage.do?news_id=N1008063441&plink=RSSLINK&cooper=RSSREADER,2025-04-16,귀에 빡 박히는 이슈 맛집 &#39;귀에 빡!종원&#39;. SBS 최고의 스토리텔러 김종원 기자가 전해드립니다. 현대차가 미국에 31조 원을 투자하기로 전격 발표했죠.
SBS경제,"무뇨스 현대차 사장 ""관세 영향에도 차 가격 대폭 인상 없을 것""",https://news.sbs.co.kr/news/endPage.do?news_id=N1008064399&plink=RSSLINK&cooper=RSSREADER,2025-04-16,&#9650; 호세 무뇨스 현대차 사장호세 무뇨스 현대차 사장이 관세 충격에도 미국 내 자동차 가격이 비교적 안정된 상태로 유지될 것으로 전망했…
SBS경제,엔화 강세에도 일본 여행 더 많이 갔다…이용금액 15%↑,https://news.sbs.co.kr/news/endPage.do?news_id=N1008064342&plink=RSSLINK&cooper=RSSREADER,2025-04-16,&#9650; 공항의 여행객들최근 엔화 강세가 두드러진 가운데 작년 말과 올해 초 일본 여행 수요는 오히려 늘어난 것으로 나타났습니다.오늘 하나…
SBS경제,'알래스카 LNG · 조선' 핵심 카드…전략 점검,https://news.sbs.co.kr/news/endPage.do?news_id=N1008064198&plink=RSSLINK&cooper=RSSREADER,2025-04-16,다음 주 미국과의 협상을 앞두고 우리 정부는 구체적인 협상 준비에 돌입했습니다. 알래스카 LNG 개발과 조선 관련 협력이 우선 협상 카드가 될 것으로 보입니다.박원경 기자의 보도입니다.
SBS경제,미국 주식 올인한 PD가 진심을 다해 만든 영상,https://news.sbs.co.kr/news/endPage.do?news_id=N1008064149&plink=RSSLINK&cooper=RSSREADER,2025-04-16,도널드 트럼프 미국 대통령의 관세 정책 후폭풍으로 뉴욕증시가 한 주간 역사적인 &#39;롤러코스터 장세&#39;를 펼쳤습니다.특히 트럼프 미국 …
SBS경제,"S&P, 한국 국가신용등급 'AA' 유지",https://news.sbs.co.kr/news/endPage.do?news_id=N1008064091&plink=RSSLINK&cooper=RSSREADER,2025-04-16,"국제 신용평가사 스탠더드앤드푸어스가 우리나라의 장기 국가신용등급을 종전과 같은 &#39;AA&#39;로 유지하고, 등급 전망 역시 기존과 같은 …"
SBS경제,'안전한 매물' 강조하던 중개사가 '딸'?…전세사기 피해 여전,https://news.sbs.co.kr/news/endPage.do?news_id=N1008064085&plink=RSSLINK&cooper=RSSREADER,2025-04-16,전세사기 피해자 지원을 위한 특별법이 다음 달이면 만료됩니다. 하지만 지금도 계속해서 피해자가 나오고 있어서 특별법을 연장해야 한다는 목소리가 잇따르고 있습니다.하정연 기자입니다.
SBS경제,2조 늘려 '12조 추경'…소상공인 응급 지원,https://news.sbs.co.kr/news/endPage.do?news_id=N1008064081&plink=RSSLINK&cooper=RSSREADER,2025-04-16,"정부가 추경안을 12조 원 규모로 마련하기로 했습니다. 기존 발표보다 2조 원 늘린 건데, 경북 산불 피해 복구를 비롯해 위기에 처한 소상공인 지원에 초점을 맞췄습니다.권영인 기자가 보도합니다."
SBS경제,'알래스카 LNG·조선' 핵심 카드…전략 점검,https://news.sbs.co.kr/news/endPage.do?news_id=N1008064073&plink=RSSLINK&cooper=RSSREADER,2025-04-16,우리 정부는 미국의 호응을 끌어낼 만한 카드를 고심하고 있습니다. 트럼프 행정부가 큰 관심을 보여왔던 알래스카 LNG 개발과 조선 분야 협력을 꺼내 들 걸로 보입니다.이 소식은 박원경 기자가 전하겠습니다.
SBS경제,"농민단체 ""수입 축산물 할당관세 확대 철회하라""",https://news.sbs.co.kr/news/endPage.do?news_id=N1008064031&plink=RSSLINK&cooper=RSSREADER,2025-04-16,&#9650; 축산관련단체협의회 기자회견축 산농가들은 국내 축산업 기반 붕괴가 우려된다며 정부에 수입 축산물 할당관세 확대 정책을 철회하라고 촉…
SBS경제,"S&P, 한국 신용등급 'AA·안정적' 유지…올해 1.2% 저성장 전망",https://news.sbs.co.kr/news/endPage.do?news_id=N1008063979&plink=RSSLINK&cooper=RSSREADER,2025-04-16,국제 신용평가사 스탠더드앤드푸어스 한국의 장기 국가신용등급을 종전과 같은 &#39;AA&#39;로 유지했습니다.등급 전망도 기존과 같은 &#39…
SBS경제,[오뉴스 출연] 엔화 상승…일본 여행 감소 (고란 경제전문기자),https://news.sbs.co.kr/news/endPage.do?news_id=N1008063807&plink=RSSLINK&cooper=RSSREADER,2025-04-16,오늘의 이슈를 고란 경제전문기자와 오뉴스에서 함께 자세하게 알아봅니다.&#8251;
SBS경제,"최형록 발란 대표, 미정산 판매자와 면담…정상화 방안 협의",https://news.sbs.co.kr/news/endPage.do?news_id=N1008063969&plink=RSSLINK&cooper=RSSREADER,2025-04-16,&#9650; 발란기업회생 절차를 밟고 있는 온라인 명품 플랫폼 발란의 최형록 대표가 미정산 판매자들과 만나 대금 변제 방안과 계획을 공개했습니…
SBS경제,"최상목 ""경제·안보 경계 허물어져…'복합 문제' 증가""",https://news.sbs.co.kr/news/endPage.do?news_id=N1008063928&plink=RSSLINK&cooper=RSSREADER,2025-04-16,&#9650; 최상목 부총리 겸 기획재정부 장관이 4월 15일 서울 종로구 정부서울청사에서 열린 제1차 경제안보장관회의에서 발언하고 있다. 최상…
매일경제,급속한 고령화에 토스뱅크도 시니어 자산관리 ‘출사표’,https://www.mk.co.kr/news/economy/11293052,2025-04-16,토스뱅크 기자간담회 개최 시니어 대상 상품·서비스 계획 주택담보대출 상품 내년 출시 신용평가 모형 AI 모델 고도화인터넷전문은행 토스뱅크가 중장기 전략의 일환으로 50대 이상 시니..
매일경제,"정부, 60일간 마약류 범죄 특별단속…해외 밀반입·국내유통 차단 주력",https://www.mk.co.kr/news/economy/11293032,2025-04-16,해외 밀반입·국내 유통·의료용 마약 오남용 차단에 집정부가 60일간 마약류 범죄 확산 차단을 위한 범정부 특별단속을 실시한다. 정부는 지난 10일 마약류 대책 실무협의회를 열고 △..
매일경제,광주상의 “도시 미래 좌우할 광천터미널 복합화 조속 추진해야”,https://www.mk.co.kr/news/economy/11293030,2025-04-16,광주상공회의소는 16일 광주 유스퀘어 일원에서 추진 중인 ‘광천터미널 복합화 사업’과 관련해 지역 경제계의 입장을 담은 입장문을 발표하고 사업의 조속한 추진을 촉구했다. 광주상의는..
매일경제,아파트 관리비도 깎아주는 생활형 카드나왔다,https://www.mk.co.kr/news/economy/11293025,2025-04-16,롯데카드 ‘아파트아이 X 디지로카’ 생활비 월 최대 3만5500원 할인아파트 관리비와 온라인쇼핑 등 생활비를 폭넓게 할인해주는 신용카드가 나왔다. 롯데카드는 아파트 생활 지원 플랫..
매일경제,트럼프 관세정책에 제조업 경기 꽁꽁···美 관세폭탄 10곳 중 4곳은 “대책없음”,https://www.mk.co.kr/news/economy/11293007,2025-04-16,1분기 매출·이익·자금사정 등 전 영역서 “전분기 대비 악화” 2분기 경기도 부정적 전망 우세도널드 트럼프 미국 행정부의 관세부과 조치로 올해 1분기 제조업 경기가 바짝 얼어붙은 ..
매일경제,[단독]슬기로운 산불극복…불탄 나무들 ‘바이오매스’ 연료로,https://www.mk.co.kr/news/economy/11292984,2025-04-16,"경북 산불피해목 수십만 톤 예상 산업부, 1년 이내 조기 연료화 추진 활용 앞당겨 피해복구 속도 올리고 연료단가 낮춰 발전사에도 ‘숨통’산업통상자원부가 경북 산불로 불에 탄 나무를.."
매일경제,“진짜 간편결제처럼 편할까?” CBDC로 배달음식 시켜봤습니다[엠블록레터],https://www.mk.co.kr/news/economy/11292942,2025-04-16,"[엠블록레터] 안녕하세요 엠블록레터의 승아입니다. 여러분, CBDC라는 단어를 들어보셨나요? 예금토큰이라는 이름으로도 불리는 CBDC는 중앙은행이 발행하는 디지털화폐를 말하는데요,.."
매일경제,[속보] 중국 1분기 경제성장률 5.4%…시장 전망치 웃돌아,https://www.mk.co.kr/news/economy/11292821,2025-04-16,중국 경제가 미중 무역전쟁이 재발한 올해 1분기 5.4%의 성장률을 달성했다. 16일 중국 국가통계국에 따르면 중국 1분기 국내총생산(GDP)은 31조8758억 위안(약 6043조..
매일경제,“원금 잃지 않는게 돈 버는 것”...부자들 투자 1순위는 ‘예금’,https://www.mk.co.kr/news/economy/11292803,2025-04-16,하나금융硏 ‘대한민국 웰스 리포트’ 부자 40% “예금 투자”...金·채권도 32% 부족한 수익률 ETF·가상자산 투자로 보완 부자·중상층 평균 코인 투자액 4200만원 경기침체에..
매일경제,“5426만원 버킨백 원가 199만원 충격”…관세전쟁속 중국發 폭로전,https://www.mk.co.kr/news/economy/11292797,2025-04-16,미중 관세전쟁이 본격화 하고 있는 가운데 중국 공장들에서 촬영된 고가 소비재 상품의 원가 폭로 영상이 미국 온라인상에서 확산하고 있다. 지난 13일(현지시간) 엑스에서는 초고가 명..
매일경제,“등산 가는 줄 알았는데 그옷 입고 출근을?”…옴니패션으로 진화한 아웃도어,https://www.mk.co.kr/news/economy/11292789,2025-04-16,아웃도어 업계가 하나의 아이템으로 다양한 환경에서 활용 가능한 ‘옴니패션’(Omni Fashion) 트렌드에 합세하며 새로운 시장을 개척하고 있다. 등산이나 캠핑 같은 특정 활동에..
매일경제,"지그재그, 주말에도 ‘직진배송’ 한다…배송 경쟁력 강화",https://www.mk.co.kr/news/economy/11292761,2025-04-16,카카오스타일이 운영하는 스타일 커머스 플랫폼 ‘지그재그’는 빠른 배송 서비스 ‘직진배송’에 주 7일 배송 시스템을 정식 오픈해 배송 경쟁력을 강화한다고 16일 밝혔다. 직진배송은 ..
매일경제,최상목-베센트 다음주 워싱턴에서 통상현안 회의···“美측 제안”,https://www.mk.co.kr/news/economy/11292712,2025-04-16,최상목 경제부총리 겸 기획재정부 장관이 내주 방미 일정에서 스콧 베센트 미국 재무장관과 만나 통상 현안 회의를 갖는다. 한국 경제수장이 직접 미국을 방문해 주요 인사를 대면하는 것..
매일경제,‘고금리·약달러’ 딜레마...트럼프 빠져나올 수 있을까 [노영우의 스톡 피시],https://www.mk.co.kr/news/economy/11292145,2025-04-16,‘약달러와 고금리.’ 물과 기름처럼 함께 섞이기 어려운 단어들이다. 글로벌 자금은 금리를 따라 움직인다. 물이 아래로 흐르듯 돈은 금리가 낮은 곳에서 높은 곳으로 흘러간다. 이 때..
매일경제,“3일 빌릴 건데 보험료 아까워”…렌터카 무사고시 10% 돌려준다,https://www.mk.co.kr/news/economy/11292698,2025-04-16,삼성화재 원데이 보험 무사고 환급 특약 내놔단기 렌터카를 이용한 후 사고를 내지 않은 고객에게 보험료를 돌려주는 보험 특약이 새롭게 출시됐다. 16일 삼성화재는 원데이 자동차보험에..
매일경제,"[속보] “최상목, 내주 방미…美재무장관, 통상 현안 회의 제안”",https://www.mk.co.kr/news/economy/11292670,2025-04-16,최상목 부총리 겸 기재부 장관이 다음주 미국을 방문해 스콧 베선트 미 재무장관을 만날 예정이다. 기본적으로 양국 재무장관 회의에서는 금융·외환 관련 이슈가 논의되지만 최근 한미간 ..
매일경제,"“갑질인데 왜 처벌 못하지”…뮤직 끼워팔기 혐의 유튜브, 제재 안 받는다는데",https://www.mk.co.kr/news/economy/11292580,2025-04-16,"美통상리스크 의식 한발 빼 유튜브, 별도 상품 내놓을듯공정거래위원회가 구글의 ‘유튜브 끼워팔기’ 혐의에 대해 당초 계획한 제재 대신 기업의 자율 시정 조치를 받아들이는 ‘동의의결’.."
매일경제,"감사원, 금융위 감사..기강해이 집중 견제",https://www.mk.co.kr/news/economy/11292571,2025-04-16,금감원에도 중간검사 결과 ‘압박’감사원이 금융위원회 감사에 나섰다. 대통령 탄핵 선고 이후 불확실성이 커진 가운데 공직사회 기강이 해이해지는 것을 방지하기 위한 취지다. 15일 금..
매일경제,장애인 금융 접근성 높인다…주식거래 수수료 우대 확대,https://www.mk.co.kr/news/economy/11292570,2025-04-16,금융접근성 제고 방안 발표 전용 상품·서비스 활성화 금융거래 불편은 해소금융당국이 장애인의 금융 접근성을 높이기 위해 방안을 내놨다. 시각 장애인의 주식 거래 수수료 우대 서비스를..
매일경제,"“너만은 살려야 한다”…폭탄 맞기 직전인 반도체, 정부 총력지원 나서",https://www.mk.co.kr/news/economy/11292556,2025-04-16,"정부, 반도체산업 재정 지원  美품목관세 부과 초읽기 전망 용인·평택 반도체 클러스터 송전선 지중화 1.26조 지원  첨단 소부장 기업 보조금은 기업당 한도 200억원으로  통상·.."
매일경제,"애플, 전세기 6대 투입해 인도서 역대 최대 규모 아이폰 공수…왜?",https://www.mk.co.kr/news/economy/11292540,2025-04-16,애플이 3월 한 달간 인도에서 역대 최대 규모의 아이폰을 공수한 것으로 알려졌다. 15일(현지시간) 로이터통신 등 외신에 따르면 애플의 인도 내 주요 공급업체인 폭스콘과 타타는 3..
매일경제,"“기존 상식 안 통해, 가만히 있다간 당한다”…판 뒤흔드는 트럼프식 협상법",https://www.mk.co.kr/news/economy/11292509,2025-04-16,"도널드 트럼프 미국 대통령이 불붙인 관세전쟁이 미국과 각국 간 협상 국면으로 접어들면서 미국이 겨냥한 관세, 방위비, 공급망, 기술이전 등을 연계한 ‘한국판 패키지 전략’을 시급히.."
매일경제,"“돈 벌려면 공포에 사야지”…주식 저점매수 자금, 예금서 빠져나갔다",https://www.mk.co.kr/news/economy/11292490,2025-04-16,지난달 26조원 늘어난 자금 빠져 보름 만에 가계대출도 2조 증가4월 들어 요구불예금과 수시입출식 저축성 예금(MMDA) 잔액이 24조원 넘게 줄었다. 국내와 미국을 비롯한 글로벌..
매일경제,"“안전한 전세매물이야”…공인중개사 믿고 계약했는데, 집주인 딸이었다",https://www.mk.co.kr/news/economy/11292480,2025-04-16,# 사회초년생인 20대 A씨는 직장생활로 모은 돈에 전세대출까지 받아 어렵게 지낼 집을 구했다. A씨는 대출금 8000만원 외에도 사실상 그동안 모은 돈 전부를 보증금으로 넣었다...
매일경제,"S&P, 韓 신용등급 AA 유지",https://www.mk.co.kr/news/economy/11292433,2025-04-16,"국제신용평가사 스탠더드앤드푸어스(S&P)가 한국의 국가신용등급을 AA로 유지했다. 지난해 12·3 비상계엄과 탄핵의 충격을 안정적 제도로 완화했다고 평가했다.
15일 S&P는 한국.."
매일경제,1370만원→610만원…대형마트 의무휴업에도 시장 매출 반토막,https://www.mk.co.kr/news/economy/11292407,2025-04-16,"전통시장을 보호하기 위해 ‘대형마트 의무휴업제’가 시행된 지 10년이 넘었지만, 전통시장의 소비는 늘어나지 않아 효과는 크지 않았다. 오히려 전통시장 등의 오프라인 구매액은 줄어들.."
매일경제,“3000원 가성비 티셔츠 있어요”…다이소 이제 옷도 판다,https://www.mk.co.kr/news/economy/11292384,2025-04-16,다이소에서 가성비 좋은 생활용품과 화장품·영양제뿐만 아니라 1000원~5000원 균일가의 스포츠 용품을 구매할 수 있게 됐다. 다이소는 르까프와 스케쳐스의 티셔츠 및 양말 등을 선..
매일경제,"반도체 지원 26조→33조, 정부 추경안 10조→12조…관세 파고에 재정 확대",https://www.mk.co.kr/news/economy/11292377,2025-04-16,경제관계장관회의서 “증액”  트럼프 관세 파고에 재정확대 추경서 AI 분야 1.8조 늘리고 민생 지원에 4조 이상 투입정부가 반도체산업에 대한 저금리 대출과 재정 지원 규모 등을 ..
매일경제,“주식·ETF 투자자도 몰락할 것”…‘부자아빠’가 중요한 투자로 꼽은 것은,https://www.mk.co.kr/news/economy/11292348,2025-04-16,"도널드 트럼프 미국 행정부의 관세 전쟁으로 글로벌 경제 불확실성이 커지자 세계적인 베스트셀러 ‘부자 아빠, 가난한 아빠’의 저자 로버트 기요사키가 금·은·비트코인 투자의 중요성을 .."
매일경제,반도체 지원 26조→33조 정부 추경안 10조→12조,https://www.mk.co.kr/news/economy/11292338,2025-04-16,"정부가 반도체 산업에 대한 저금리 대출과 재정 지원 규모 등을 당초 26조원에서 33조원으로 7조원 늘리기로 했다. 이 중 4조원은 해당 기업에 직접 재정을 투입할 방침이다.
도널.."
매일경제,[선택 2025] 민주 3명·국힘 11명 6월 3일 향해 '뛴다',https://www.mk.co.kr/news/economy/11292337,2025-04-16,"더불어민주당과 국민의힘이 6·3 대선을 49일 앞둔 15일 나란히 예비후보 등록을 마쳤다.  
결선투표가 없다면 민주당은 오는 27일, 국민의힘은 29일 각각 대선 후보를 확정하게.."
매일경제,AI 수요 담아 전력계획 짠다,https://www.mk.co.kr/news/economy/11292211,2025-04-16,"정부 에너지 정책의 뼈대인 전력수급기본계획(전기본)에 다양한 시나리오를 담아 인공지능(AI), 데이터센터와 같은 대규모 전력 수요에 유연하게 대응하는 방안이 추진된다. 전기본에는 .."
매일경제,"""트럼프 쇼크…韓, 산업 대변혁 기회로""",https://www.mk.co.kr/news/economy/11292208,2025-04-16,"도널드 트럼프 미국 대통령이 불붙인 관세전쟁이 미국과 각국 간 협상 국면으로 접어들면서 미국이 겨냥한 관세, 방위비, 공급망, 기술이전 등을 연계한 '한국판 패키지 전략'을 시급히.."
매일경제,[금융라운지] 은행부터 보험사까지 … 官출신 모시기 붐,https://www.mk.co.kr/news/economy/11292186,2025-04-16,최근 국제 금융시장 변화와 금융당국의 정책 변화 속도가 빨라지면서 금융회사들이 잇달아 관료 출신 인사를 영입하고 있다. 국내외 금융 산업에 대한 이해력과 인맥이 좋은 인사를 늘려 ..
매일경제,국민銀 소상공인 자금대출 비대면으로 서류 확 줄여,https://www.mk.co.kr/news/economy/11292185,2025-04-16,KB국민은행이 소상공인 금융 부담을 줄이기 위해 소상공인시장진흥공단과 손잡고 '소상공인 정책자금대출' 비대면 서비스를 내놓는다고 15일 밝혔다. 소상공인시장진흥공단의 대리대출(일반..
매일경제,트럼프 관세쇼크 2주동안 요구불예금 24조 빠져나가,https://www.mk.co.kr/news/economy/11292182,2025-04-16,4월 들어 요구불예금과 수시입출식 저축성 예금(MMDA) 잔액이 24조원 넘게 줄었다. 국내와 미국을 비롯한 글로벌 증시가 요동치면서 저점 매수에 나선 투자자들이 늘어난 영향으로 ..
매일경제,[포토] 지식재산 기업에 금융지원 확대,https://www.mk.co.kr/news/economy/11292183,2025-04-16,
매일경제,1분기 최대 실적에도 …'못웃는' 금융지주,https://www.mk.co.kr/news/economy/11292181,2025-04-16,4대 금융지주가 올해 1분기 역대 최고 당기순이익을 기록할 전망이다. 작년 1분기 홍콩H지수 주가연계증권(ELS) 충격에서 벗어난 것이 한몫했다. 달러당 원화값 하락 타격에 원화 ..
매일경제,"[속보] S&P, 한국 국가신용등급 ‘AA’ 유지…등급 전망 ‘안정적’",https://www.mk.co.kr/news/economy/11292170,2025-04-16,국제 신용평가사 스탠더드앤드푸어스(S&P)가 15일 한국의 장기 국가신용등급을 종전과 같은 ‘AA’로 유지했다. 등급전망도 기존과 같은 ‘안정적’(stable)을 부여했다. S&P..
매일경제,저출산에 더 귀해진 ‘골드키즈’…전용 공간에 명품까지,https://www.mk.co.kr/news/economy/11292106,2025-04-16,저출산 시대에 자녀 1명에게 아낌없이 돈을 쓰는 ‘골드키즈’ 트렌드가 심화하면서 아이들을 위한 특화 공간이 확대되고 있다. 키즈 시장이 각광받으면서 유통업계도 관련 서비스를 준비 ..
매일경제,“보험 보장액 확 깎이겠네”…손해 커서 일부 상품 조정될 수 있다는데,https://www.mk.co.kr/news/economy/11292101,2025-04-16,"다음 주부터 일부 보험사들이 ‘어린이 가족 간병인 보험’ 상품의 보장액 축소를 검토하고 있는 가운데, 덩달아 다른 보험사의 같은 상품도 최소 가입금액이 오르거나 보장액이 줄어든다는.."
매일경제,"신협사회공헌재단·초록우산, 아동복지 증진 목표로 협력 강화",https://www.mk.co.kr/news/economy/11292098,2025-04-16,"신협사회공헌재단과 초록우산어린이재단은 최근 대전 신협중앙연수원에서 ‘신협사회공헌재단·초록우산 통합업무협약식’을 열고, 아동복지 증진을 위한 포괄적 업무협약을 했다고 15일 밝혔다..."
매일경제,"“또 기습 인상?”…루이비통, 일부 가방 제품 가격 올려",https://www.mk.co.kr/news/economy/11292044,2025-04-16,명품 브랜드 루이비통이 국내에서 판매 중인 일부 가방 제품의 가격을 3%가량 올린 것으로 확인됐다. 지난 1월에 이어 올 들어 두 번째 가격 인상이다. 15일 업계에 따르면 루이비..
매일경제,"“3% 주는 곳이 사라졌다”…‘줄하락’ 예금금리, 어디가 가장 높을까",https://www.mk.co.kr/news/economy/11292005,2025-04-16,"5대 시중은행 예금금리 2.15~2.75%…3%대 사라져 대출금리는 역주행…지난해 말보다 0.27%p 또 올라은행들이 주요 수신상품 금리를 잇따라 인하하자 시중은행, 인터넷전문은행.."
매일경제,“저축은행 너마저”…건전성 관리에 中企 대출 10조 급감,https://www.mk.co.kr/news/economy/11291943,2025-04-16,기업 대출 49조…2년 연속 줄어저축은행이 건전성 강화 기조로 최근 중소기업 대출을 크게 줄였다. 대신 안정성이 높은 대기업 대출을 늘려오면서 중소기업의 대출 절벽 현상이 심화할 ..
매일경제,"예금보험공사, 홍보 전문위원에 박용후 카피라이터 위촉",https://www.mk.co.kr/news/economy/11291906,2025-04-16,예금보험공사가 15일 홍보 전문위원에 박용후 카피라이터를 위촉했다. 박 카피라이터는 마케팅·홍보 전문가로서 예금보험제도 추진을 위한 홍보 전략을 수립할 예정이다. 유재훈 예금보험공..
매일경제,김승환 아모레퍼시픽 대표 “향후 3~5년 美 생산시설 투자”,https://www.mk.co.kr/news/economy/11291889,2025-04-16,김승환 아모레퍼시픽 대표가 미국의 대중국 관세에 대응하기 위해 향후 3~5년 안에 미국 내 물류 및 모듈 제조 시설에 투자할 계획이라고 밝혔다. 김 대표는 15일 블룸버그TV와의 ..
매일경제,"“금리 내리기전에 빨리 서둘러야지”…2월 통화량 또 늘어, 예·적금 껑충",https://www.mk.co.kr/news/economy/11291829,2025-04-16,2월 시중 통화량(M2)이 22개월째 늘어나며 4229조5000억원으로 불어났다. 한국은행의 기준금리 인하를 앞두고 예·적금 등이 크게 증가했기 때문이다. 15일 한국은행에 따르면..
매일경제,“상법 직건다”던 이복현 금감원장...홍콩 출장,https://www.mk.co.kr/news/economy/11291582,2025-04-16,"글로벌IB 대상 설명회, 내달 스위스 출장길 “상법 논쟁, 주주보호 분위기 형성과정” 강조 금융권에선 “직무 동력 상실” 평가도상법 개정을 놓고 사의를 표명했던 이복현 금융감독원장.."
매일경제,"“이번 휴가는 북한으로?”...트럼프도 눈독 들이는 北관광, 미지의 땅 열릴까",https://www.mk.co.kr/news/economy/11291504,2025-04-16,"KB경영연구소 보고서 트럼프, 북한에 지속적인 관심 북한도 화답하듯 외국관광객 받아 금융 인프라 등 긍정적인 영향 기대KB경영연구소는 트럼프 대통령이 북한 해안가 콘도 개발에 관심.."
JTBC경제,"부자들은 어디 투자하나 봤더니…""올해는 부동산보다 금""",https://news.jtbc.co.kr/article/NB12242991,2025-04-16,"부자 세 명 가운데 두 명은 올해 실물과 부동산 경기가 나쁠 것으로 봤습니다.

이에 따라 집은 똑똑한 한 채만 두고 예금과 금, 채권, ETF와 주식 순으로 투자하겠다고 밝혔습니다.

수익보다 안정을 추구하겠다는 "
JTBC경제,"'오락가락' 관세 정책에…기업들, 경영전략 못 세워 한숨",https://news.jtbc.co.kr/article/NB12242865,2025-04-16,"[앵커]

이렇게 자고나면 뒤집히는 트럼프식 관세 정책에 우리 기업들 역시 갈피를 잡지 못하고 있습니다. 중장기 계획은커녕 당장 어떻게 대응해야 할지도 알 수 없어 트럼프의 발표만 지켜보는 상황입니다.

박준우 기자"
JTBC경제,"현대차, 인니서 '폐기물'로 청정수소 만든다..협력 프로젝트 본격화",https://news.jtbc.co.kr/article/NB12242853,2025-04-16,"현대차그룹, 인도네시아 수소 생태계 조성 위한 다자간 협력 프로젝트 본격 추진현대차그룹이 인도네시아에 수소 생태계 조성을 위한 협력 프로젝트를 본격 추진합니다

현지시간 15일 현대차그룹은 인도네시아 자카르카에서 열"
JTBC경제,초몰입형 콘텐츠와 크리에이터용 소형 카메라도 인기 [2025 NAB SHOW ④],https://news.jtbc.co.kr/article/NB12242833,2025-04-16,"〈미국방송협회가 주최하는 세계 최대 규모 미디어 박람회 '2025 NAB SHOW'가 지난 5일부터 9일까지 미국 라스베이거스 컨벤션센터에서 열렸습니다. 박람회엔 전 세계 1100여개 기업이 참가했고, 약 5만500"
