,name,title,link,date,content
0,머니S언론사 선정,"""2600 돌파 기대했는데""… 또 박스권에 갇힌 코스피 - 머니S",https://www.moneys.co.kr/article/2025013118105587131,2025-02-01,"""2600 돌파 기대했는데""… 또 박스권에 갇힌 코스피
전민준 기자
2,280
2025.02.01 | 08:00:00
0
코스피가 전 거래일(2536.80)보다 19.43포인트(0.77%) 내린 2517.37에 장을 마감한 31일 오후 서울 중구 하나은행 딜링룸 전광판에 지수가 표시 되고 있다./사진=뉴시스 김혜진 기자

연초부터 코스피가 박스권을 벗어나지 못하고 있다. 이달 22일 2500선 중반까지 1거래일 만에 오르며 2600선 돌파 기대가 나타나기도 했지만 반등에 실패했다. 외국인 매도 행렬에 코스피지수는 도리에 2500선 초반에서 맴돌고 있다.

1일 한국거래소에 따르면 지난달 31일 코스피는 전 거래일 대비 19.45포인트(0.77%) 내린 2517.35에 거래를 마쳤다. 외국인이 유가증권시장에서 하루 동안 1조원 넘게 '팔자'에 나서면서 이달 순매도 규모는 9927억원을 기록했다.


이에 따라외국인의 순매도 흐름은 지난해 8월 이후 6개월 연속 이어졌다.

올해 코스피는 2400선 후반에서 2500선 초반 박스권을 벗어나지 못 하고 있다. 지난달 18거래일 동안 코스피 지수가 상승한 것은 9거래일이었다.

정치적 불확실성 해소로 코스피 지수가 상승할 것이라는 증권 전문가들 예상과 다른 모습이다. 최근 코스피 지수가 부진한 가장 큰 이유로는 도널드 트럼프 미국 대통령 정책 불확실성이 꼽힌다.


트럼프 대통령은 비트코인의 전략 비축화, 틱톡 사용 금지, 남부 국경폐쇄, 불법이민자 추방 등 약 100여개 행정명령을 발표할 것으로 알려졌다.

여기에 연휴 기간 결정된 미국 연방준비제도(연준·Fed)의 기준금리 동결 소식도 국내 증시에 부담으로 작용하고 있다.

증권가에서는 딥시크 쇼크가 국내 증시에 어떤 영향을 미칠지 주목하고 있다.

딥시크가 최근 공개한 추론 AI 모델' 딥시크 R1'이 챗GPT 개발사 오픈AI가 지난해 9월 출시한 'O1'보다 일부 성능 테스트에서 앞선 것으로 나타나면서 엔비디아의 고성능·고비용 제품 수요가 예상보다 크지 않을 수 있다는 우려가 불거졌다.

이는 국내 반도체주에 직격탄이다.

SK하이닉스는 개장 직후 11.86%까지 하락폭을 키운 후 -9.86%로 장을 마치며 20만원 선이 붕괴됐다. 삼성전자도 2.42% 하락했다.

이경민 대신증권 연구원은 ""국내증시가 설 연휴 동안 글로벌 증시를 강타한 딥시크 쇼크를 반영했다""며 ""고성능 반도체와 대규모 데이터센터, 전력설비 투자 모멘텀의 둔화 우려 반영되며 반도체, 전력기기 등 관련 업종들의 주가 변동성이 확대됐다""고 진단했다.
<저작권자 ⓒ ‘성공을 꿈꾸는 사람들의 경제 뉴스’ 머니S, 무단전재 및 재배포 금지>
<보도자료 및 기사 제보 ( moneys@mt.co.kr )>
전민준 기자
minjun84@mt.co.kr
안녕하세요 머니S 전민준 기자입니다.
이 기자의 다른 기사 보기
주요뉴스
[체크!해주] 여전한 테슬라 사랑… 서학개미, 8000억원 저가매수
[특징주] 인스웨이브시스템즈, 이재명표 메가 샌드박스 정책에 강세
""또 먹통이야""… 계속되는 증권사 MTS 장애, 근본 대책 없나
[특징주] 삼성전자·SK하이닉스 주가 하락세… 엔비디아 중국 악재 영향
'퇴직연금 1위' 미래에셋증권, 로보어드바이저 '초개인화' 승부수"
1,연합뉴스,[IPO챗] 올해 첫 '대어' LG CNS 다음주 코스피 입성 | 연합뉴스,https://www.yna.co.kr/view/AKR20250131041700008?input=1195m,2025-02-01,
2,아이뉴스24언론사 선정,주가 반등에 코스피 거래 '개인 비중' 50%대 복귀,http://www.inews24.com/view/1808909,2025-02-01,"[아이뉴스24 정태현 기자] 올해 들어 개인 투자자들의 코스피 거래대금 비중이 증가했다. 코스피가 반등하면서 개인의 투자 심리가 회복한 것으로 보인다.
1일 한국거래소에 따르면 올해 코스피 시장에서 개인 투자자의 거래대금 비중은 지난달 24일 기준 53.2%로 집계됐다. 지난달 49.9%보다 4.2%포인트(p) 올랐다.
2024~2025년 코스피 개인 거래금액 비중 [자료=한국거래소]
지난해 12월까지만 하더라도 개인 거래 비중은 47%대까지 하락했다. 같은 해 10월 51%였던 게 두 달 만에 4%p가량 떨어졌다. 계엄 선포와 탄핵 정국으로 국내 증시가 빠르게 고꾸라진 탓이다.
그러나 새해 들어 2400선을 오르내리던 코스피가 바닥을 찍었다는 인식이 퍼졌다. 한 달도 채 안 돼 130p 올라 2530에 안착했다. 이어 지난달 20일 도널드 트럼프 대통령이 취임한 뒤 정책 불확실성도 많이 해소됐다."
3,천지일보,"다우·나스닥·S&P ‘뚝’… 뉴욕증시, 트럼프 대량 관세 발표에 반전 마감 < 국제일반 < 국제 < 기사본문 - 천지일보",https://www.newscj.com/news/articleView.html?idxno=3228800,2025-02-01,"2025-04-16 14:04 (수)
전체메뉴
기사검색
상세검색
창간16주년"
4,글로벌경제,"외국인, 코스피 6개월 연속 순매도…2008년 금융위기 이후 최장",https://www.getnews.co.kr/news/articleView.html?idxno=804840,2025-02-01,"2025-04-16 14:05 (수)
로그인
회원가입
산업
경제·정책
건설·부동산
금융
사회·문화
글로벌
블록체인
전국
오피니언
검색
전체메뉴 버튼"
5,아주경제,"[주간증시전망] '딥시크 쇼크' 소화한 코스피, 밸류에이션 정상화 시도 예상 | 아주경제",https://www.ajunews.com/view/20250131160709033,2025-02-01,"이미지 확대
31일 오후 서울 중구 하나은행 딜링룸 현황판. [사진=연합뉴스]

다음주 국내 증시는 반등할 것이란 전망이 나온다. 설 연휴 터진 '딥시크 충격'을 소화한 국내 증시가 밸류에이션 정상화 과정을 겪을 것이란 분석이다.

1일 한국거래소에 따르면 전날 코스피지수는 전장 대비 19.43포인트(0.77%) 내린 2517.37에 마감했다. 코스닥지수는 0.45포인트(0.06%) 하락한 728.29를 기록했다. 설 연휴로 증시가 휴장하기 전 코스피는 2540선까지 고점을 높여갔지만 지난달 31일 외국인투자자의 순매도에 2510선까지 밀렸다.

한 주 동안 하루 개장한 국내 증시는 설 연휴 동안 글로벌 증시를 덮친 '딥시크 충격'을 소화하는 모습을 보였다. SK하이닉스를 비롯해 반도체주와 전력기기주 등이 약세를 피하지 못했다.

그러나 다음주 증시는 회복되는 모습을 보일 것이란 전망이 나온다. 주요 지표는 1일 미국 ISM 제조업 구매관리자지수(PMI), 5일 미국 1월 ISM 서비스업 PMI·미국 1월 ADP 취업자 변동, 7일 미국 1월 고용보고서 등의 발표가 예정돼 있다.
관련기사
외인·기관 매도에 코스피, 장 초반 0.6% 하락…코스닥 0.8%↓
코스피, 美관세 우려 완화에 2거래일째 상승…코스닥 0.4%↑


이경민 대신증권 연구원은 ""엔비디아와 오픈AI를 중심으로 형성된 AI 헤게모니 변화 과정에서 변동성은 불가피하나 AI 투자 사이클 종료나 버블 붕괴로 해석하는 건 과도하다""며 ""5일 알파벳과 AMD, 6일 퀄컴, ARM 등 반도체 기업의 실적 발표에서 AI 투자 확인과 딥시크발(發) 우려 완화를 예상한다""고 밝혔다.

이 연구원은 ""5일 ADP 취업, 7일 비농업 고용보고서 결과에 따라 미국 연방준비제도(Fed·연준)의 통화정책 컨센서스가 변화될 수 있다""며 ""현재는 과도하게 매파적으로 반영됐던 컨센서스의 정상화와 불확실성 완화 국면이 진행 중""이라고 판단했다.

그는 ""현재 코스피 밸류에이션은 선행 주가수익비율(PER) 8.86배, 선행 주가순자산비율(PBR) 0.84배로 2010년 이후 평균의 -1 표준편차 수준""이라며 ""낙폭과대 국면에서 연초부터 분위기 반전 모색 중임을 감안할 때 중단기 가격 매력이 높은 반도체, 자동차, 이차전지, 인터넷 업종이 주목된다""고 말했다.

한지영 키움증권 연구원은 ""딥시크 쇼크는 중기적으로 AI 도입의 가속화, 확장성을 이끌어낼 수 있는 재료가 될 것""이라며 ""그 과정에서 “하드웨어, 인프라에서 소프트웨어, 전력기기 등으로 증시의 내러티브가 변해갈 것으로 예상한다""고 밝혔다.

이어 ""국내 증시는 연휴 기간 중 발생한 미국발 대형 이슈를 일시에 반영하면서 하방 압력을 받겠으나 연초 이후 생성된 주가 복원력, 주가 하방 경직성은 훼손되지 않을 것""이라고 봤다.
#주간증시전망
#증시전망
#코스피
좋아요
0
나빠요
1
장수영 기자
swimming@ajunews.com
[특징주] 블루엠텍, 무상증자 결정에 18%대 강세
현대차證 ""SK이노베이션, 1Q 컨센서스 하회 전망…목표가↓""
기자의 다른기사
©'5개국어 글로벌 경제신문' 아주경제. 무단전재·재배포 금지"
6,천지일보,"삼성전자, HBM 시장 공략 가속… “5세대 생산 확대, 6세대도 하반기 양산” < IT·전자·과학 < 경제 < 기사본문 - 천지일보",https://www.newscj.com/news/articleView.html?idxno=3228790,2025-02-01,"2025-04-16 14:04 (수)
전체메뉴
기사검색
상세검색
창간16주년"
7,천지일보,기업 체감경기 금융위기 때보다 더 악화… 저성장 구조 고착되나 < 경제일반 < 경제 < 기사본문 - 천지일보,https://www.newscj.com/news/articleView.html?idxno=3228788,2025-02-01,"2025-04-16 14:04 (수)
전체메뉴
기사검색
상세검색
창간16주년"
8,핀포인트뉴스,풍원정밀 주가 기세등등...의무보유등록 사유는 '최대주주' < 증권·IB < 금융·증권 < 기사본문 - 핀포인트뉴스,https://www.pinpointnews.co.kr/news/articleView.html?idxno=317411,2025-02-01,"기자명
지선희 기자 입력 2025.02.01 17:42 댓글 0"
9,뉴스버스,[오늘의 경제뉴스] 삼성전자 4분기 영업익 6.5조…반도체는 2.9조 ‘기대치 밑돌아’ < 오늘의 경제뉴스 < 경제와 산업 < 기사본문 - 뉴스버스(Newsverse),https://www.newsverse.kr/news/articleView.html?idxno=6999,2025-02-01,"기자명
고재학 기자 입력 2025.02.01 07:58 댓글 0"
10,뉴시스언론사 선정,"""배당株 언제 사고 팔까""…'배당 개선' 이후 전략은 :: 공감언론 뉴시스 ::",https://www.newsis.com/view/NISX20250131_0003049323,2025-02-01,"지난해 배당기준일 3월 말에 집중
배당금 공개 후 주가 추이 살펴야
[서울=뉴시스] 김혜진 기자 = 지난달 31일 오후 서울 중구 하나은행 딜링룸 전광판에 지수가 표시 되고 있다. 2025.01.31. jini@newsis.com

[서울=뉴시스] 박은비 기자 = 배당기준일 변경 2년차에 접어든 가운데 올해 배당주 투자 전략에 관심이 쏠린다.

1일 금융투자업계에 따르면 지난해 결산배당 관련 배당기준일 변경을 공시한 기업은 243개, 시가총액 919조원 규모다. 연초로 바뀐 배당기준일은 2월 말을 비롯해 특히 3월 말에 집중될 것으로 예상된다.



이는 투자자들이 배당금을 알고 투자할 수 있도록 배당기준일을 주주총회 이후로 지정하는 배당절차 개선방안을 지난 2023년 말부터 시행한 데 따른 것이다.

증권가에서는 보통 실적 발표와 함께 공시되는 주당배당금이 시장 예상에 부합하고 시장 반응이 긍정적인 종목을 살 때 수익률이 가장 높다고 조언했다.

김민규 KB증권 연구원은 ""현재 예측이 가능한 영역은 어떤 종목이 시장을 실망시키지 않을 배당을 내놓을지 여부로 밸류업 공시로 주주환원 의지를 드러내거나 최근 주당배당금 추정이 상향 중인 종목을 꼽을 수 있다""며 ""주주환원에 대한 의지가 있다면 시장 눈높이를 실망시키지 않으려 노력할 테고, 컨센서스가 가진 후행성으로 주당배당금이 상향 중인 종목은 실제 주당배당금이 더 높을 가능성이 있기 때문""이라고 설명했다.



이에 부합하는 종목으로 제시한 건 금융·증권의 경우 NH투자증권, 한국금융지주 등이고, 비금융 중에서는 HMM, 강원랜드, 롯데렌탈, 한국앤컴퍼니, 지역난방공사 등이 있다.

김재은 NH투자증권 연구원은 ""지난해 4분기 어닝시즌이 남아있지만 지난해 코스피 순이익은 전년 대비 크게 증가할 가능성이 높다""며 ""과거 실적이 증가한 해에 배당금이 줄어든 사례가 없었다는 점을 고려한다면 배당금이 늘어나는 기업이 증가할 가능성이 높다""고 평가했다.

배당기준일 전에 매수한 뒤 언제 팔지 매도 시점도 신경써야 한다. 배당기준일을 지나면 주식을 사더라도 더 이상 배당받을 권리가 없어지기 때문에 주가가 떨어지는 경향이 있는데 이를 배당락이라고 한다.

김 연구원은 ""배당락 전에 배당수익률 이상으로 주가가 오르면 배당을 안 받고 배당락 전에 파는 것도 좋다""며 ""주가가 오르긴 했지만 배당수익률만큼은 아니라면 배당락일에 배당을 받고 팔고, 만약 주가가 빠져 손절한다면 배당을 받고 손절이 유리했다""고 말했다.


◎공감언론 뉴시스 silverline@newsis.com"
11,한국경제언론사 선정,1만2000원에 산 주식 3개월 만에… 깜짝 전망 나온 이 종목 | 한국경제,https://www.hankyung.com/article/202501260723i,2025-02-01,"""1만2000원에 산 주식 3개월 만에…"" 깜짝 전망 나온 '이 종목' [윤현주의 主食이 주식]
윤현주 기자
기자 구독
입력2025.02.01 07:00 수정2025.02.01 07:49
글자크기 조절
기사 스크랩
공유
댓글
1
클린뷰
프린트
주가 1만2000원→3만원 폭등
""더 오를 수 있다""는 종목
LNG 프로젝트 증가·에어쿨러 수요 쑥
SNT에너지 석 달 새 주가 131%↑
“글로벌 공랭식 열교환기 회사 될 것”

지난해 수주잔고 8000억원 이상
IBK투자증권 “美 신규 수주도 기대”
현대차증권 “목표주가 3만5000원”
Getty Images Bank.
1만2500원 저점(2024년 11월 4일 저가)을 찍은 게 엊그제 같은데, 석 달 만에 3만원(1월 24일 고가 3만1000원)을 돌파했다. 상장 후 최고가인 3만원 돌파 하루 만에 주가가 4.93% 하락했는데, 그럼에도 증권가는 매수 리포트를 내고 있다.

1일 기준 코스피 시가총액(5977억원) 338위 SNT에너지 이야기다. 이 회사는 2008년 ㈜S&TC로부터 인적분할을 통해 ㈜S&T홀딩스와 신설회사인 S&TC(현재 SNT에너지)로 구분됐다. 원유 분리 플랜트, 석유화학 플랜트용 주요 설비 및 발전소와 집단 에너지시설용 주요 설비를 설계 및 생산한다. 원유 분리 플랜트 및 석유화학 플랜트의 경우는 공랭식 열교환기가 주력 제품이고 복합화력발전소 및 집단 에너지시설의 경우는 배열회수보일러, 복수기 및 환경 설비로서 질소산화물 저감 장치인 SCR 설비, 원자력 발전소용 주요 기자재 복수기를 설계 및 생산한다.
SNT에너지 주가 일봉 그래프 캡처.


“자회사, 아람코와 장기조달 구매협약 체결 … 중동 신규 수주 지속될 듯”

최근 주가 상승엔 LNG(액화천연가스) 프로젝트 증가와 주요 제품인 에어쿨러 생산 확대 등이 꼽힌다. 조정현 IBK투자증권 연구원은 “미국 LNG 터미널 개발 재개에 따른 신규 수주를 기대한다”며 “최근 Rio Grande(시공사 베크텔 에너지) LNG 프로젝트에 에어쿨러를 공급하며 창사 이후 처음으로 미국에 진출했다”고 했다. 그는 “베크텔 에너지가 미국 LNG 터미널 건설 시장의 점유율을 30% 갖고 있는 만큼, 미국 내 신규 LNG 터미널 개발 사이클 속 대규모 신규 수주가 지속될 것이다”고 전망했다. 이어 “사우디아라비아 수주도 기대되는데, 그 이유는 사우디 발주의 약 15~30%가 발전소(2024년 기준 481억달러 발주)에서 비롯되는데 탄소 배출 절감을 위해 기존 중유 발전소를 천연가스 발전소로 전환 중이기 때문이다”고 설명했다.
발전소의 스팀터빈 운전 후 배출되는 증기를 냉각해 응축수로 회수하는 발전소의 필수보조기기인 복수기. SNT에너지 제공
또 “자회사인 SNT걸프는 사우디 담맘 공장에 2차 증설을 완료했다”며 “사우디 국영석유회사 아람코와 전략적 장기조달 구매협약 체결을 통해 MENA(중동·아프리카) 지역 발전설비 시장 공략을 강화하고 있는 만큼 안정적인 신규 수주 물량이 지속될 것이다”고 전망했다.




iM증권 “중동·북미 LNG 프로젝트 발주 증가 … 올 영업익 435억 전망”

이상헌 iM증권 연구원은 “아람코의 경우 2030년까지 판매 가스 생산량을 2021년 대비 60% 이상 늘리는 것을 목표로 하는 가스 확장 전략을 펼치고 있다”며 “중동·북미 지역 등에서 LNG 생산능력 확대 프로젝트 발주 증가로 SNT에너지 신규 수주도 2022년 1291억원에서 2024년 3분기 누적 4861억원으로 급속히 증가하고 있다”고 분석했다. 지난해 수주잔고는 8000억원이상으로 알려졌다. 이 연구원은 “수주잔고를 기반으로 향후 실적 향상이 예상되고 지속적인 신규 증가로 성장성 또한 가속화될 것이다”고 판단했다. 올해 매출 4431억원, 영업이익 435억원을 전망했다. 전망치가 맞는다면 2019년 매출 2133억원, 영업이익 175억원에서 각각 107.74%, 148.57% 증가하게 되는 것이다.
복합화력발전소의가스터빈운전 시 발생하는 고온의 배열을 이용, 증기를 생산해 증기터빈에 공급 전력을 생산하는 시스템인 배열회수보일러. SNT에너지 제공
곽민정 현대차증권 연구원은 “지난해 12월 23일 베크텔 에너지와 약 719억원 규모 에어쿨러 공급계약을 공시했다”며 “트럼프 2기를 맞아 미국 내 계류되었던 LNG 프로젝트들이 재개되기 시작한 후 첫 프로젝트 중 하나라는 점에서 올해 에어쿨러 수주가 가팔라질 것으로 보인다”고 했다. 이어 “SNT에너지는 2022년 KHE 인수 이후 국내 유일의 에어쿨러 업체로서 독점적 성장세가 기대된다”며 목표주가를 3만5000원으로 상향했다. 현 주가(1일 2만8900원) 대비 21.11% 상승 여력이 있는 셈이다.

또 “지난해 4분기 매출 957억원(전년 동기 대비 8.4% 증가), 영업이익 90억원(25.4% 증가)으로 호실적을 기록했다”며 “특히 우호적인 환율 효과로 세전이익은 242억원을 기록해 국내 유일의 에어쿨러 업체로 높은 성장세를 보여줄 것으로 기대한다”고 했다. 이어 “북미 지역의 AI 데이터 센터의 새로운 전력 수요를 충족하기 위해 향후 4~5년간 최소 2만MW의 LNG 복합화력발전이 필요하다”며 SNT에너지의 수혜를 예상했다.
발전소 및 제철소에서 연소되는 유해배기가스중질소산화물(Nox)을 저감시키는 설비. SNT에너지 제공
총 주식 수는 2068만783주로 최대주주는 S&T홀딩스(지분 60.49%) 외 특수관계인 2인이 지분 65.26%를 갖고 있다. 국민연금 5.16%, 자사주 4.45%, 외국인 2.31%로 유통 물량은 25%가 안 된다. 지난해 3분기 기준 현금성 자산 401억원, 유형자산 1502억원이다. 부채비율 48.94%, 자본유보율 2793.98%로 재무 상태는 건전하다. 5년간 연평균 배당수익률은 4.36%다.

1일 회사 관계자는 “2023년 2월 KHE와 합병으로 생산능력 및 매출처가 늘어났다”며 “공랭식 열교환기 주요 매출처인 사우디 담맘에 설립되어 있는 SNT 걸프와 아람코의 협력 강화가 중동 공략에 중요 열쇠가 되고 있다”며 사업 분위기를 전했다. 이어 “사우디를 포함한 UAE 및 기타 중동시장과 미주시장에 대한 점유율 증가를 목표로 글로벌 정상급 공랭식 열교환기 회사가 되겠다”고 강조했다.
'1500만 개미'와 함께 달리겠습니다. 여러분의 주식 계좌가 빨간불이 되는 그날까지 재미있는 종목 기사 많이 쓰겠습니다. 아래 기자 페이지에서 윤현주 기자 구독과 응원을 눌러 주시면 기사를 매번 빠르게 확인하실 수 있습니다.
윤현주 기자 hyunju@hankyung.com
좋아요
1
싫어요
0
후속기사 원해요
3
ⓒ 한경닷컴, 무단전재 및 재배포 금지
한국경제 구독신청
모바일한경 보기
관련 뉴스
1
600만원으로 400억 부자 된 에스오에스랩 대표…목사 아들의 비결은 [윤현주의 主食이 주식]
백문불여일견(百聞不如一見). 백 번 듣는 것보다 한 번 보는 게 낫다는 말이다. 가짜뉴스 홍수 속 정보의 불균형을 조금이라도 해소하기 위해 주식 투자 경력 18년 5개월의 ‘전투개미’가...
2
트럼프, '관세 폭탄' 선포… 외교협상 압박 카드 꺼내
도널드 트럼프 미국 대통령이 취임 일주일 만에 전 세계를 상대로 ‘관세 전쟁’을 선포하며 본격적인 위협에 나섰다. 다만 실질적인 관세 부과 계획을 발표하지 않고 이를 외교·안보 문제...
3
2차전지 잘 나갈때 좋았는데…1년 만에 주가 반토막 난 코윈테크 [윤현주의 主食이 주식]
2만8619원(2024년 2월 23일 고가)→1만4300원.2차전지 업황 악화로 1년 만에 주가가 반토막 났다. 29일 코스닥 시가총액(1593억원) 470위 코윈테크 이야기다. 이 회사는 스마트 팩토리 물...
많이 본 뉴스
1
304명 목숨 앗아간 세월호 참사 원인, 11년만에 밝혀졌다
2
""다 바꾸겠습니다""…백종원 더본코리아, 끝없는 논란에 결국
3
'직원들 피눈물 나겠다'던 9900원 빵 뷔페…직접 가보니
4
'참치캔 1위' 갑자기 상장폐지라니…동원 F&B, 무슨 일
5
26억에 팔렸었는데…잠실 아파트, 두 달 만에 가격이"
12,채널A언론사 선정,| 채널A 뉴스,https://www.ichannela.com/news/main/news_detailPage.do?publishId=000000457380,2025-02-01,"Play Video
[앵커]
안전자산인 금 값이 치솟고 있습니다.

금 한 돈 돌반지 가격이 60만 원을 넘었습니다.

1년 사이 50% 가까이 급등한 이유, 김설혜 기자가 취재했습니다.

[기자]
서울 종로에 있는 귀금속 상가 거리.

손님들의 발길이 끊겨 한적한 모습입니다.

[금은방 상인]
""죽 쑤고 있는데, (팔려고) 금값 알아보러 다니는 사람들만 있죠.""

주변 금 거래소에도 금을 사려는 사람보다 팔려는 사람들로 북새통입니다.

[금 거래소 손님]
""계속 보고 있었어요 시세를. 잘 팔았다고 생각해요.""

어제 기준 국제 금값은 g당 13만 520원입니다.

한 돈 기준으로는 49만 원 정도됩니다.

최소한의 세공만 들어간 한 돈짜리 돌반지입니다.

지난해 같은 기간 40만 원이었던 가격이 오늘 기준, 최고 63만 원까지 치솟았습니다

[이상용 / 한국금거래소 선임]
1년 사이에 50%까지 오르는 일은 많이 없다고 들었습니다.

같은 기간 코스피는 0.8%, 비트코인은 168% 상승했습니다.

금반지를 선물하러 왔다 발길을 돌립니다.

[조빛나 / 경기도 광명시]
""우리 올케 금반지 하나 사주려고요. 한 돈에 55만원 넘는다고 하더라고요. 선뜻 사기가 부담스럽네요.""

금값 상승은 트럼프 대통령의 관세 위협에 대한 우려로 안전자산에 대한 수요가 몰린 영향입니다.

[황병진/ NH투자증권 이사]
""연간 전망에서 올해 목표치를 3천 달러로 제시하고 있거든요.""

트럼프 정책에 속도 조절이 이뤄진다면 투기 수요 약화로 금 가격이 안정화 될 것이라는 분석입니다.

채널A 뉴스 김설혜입니다.

영상취재: 한효준
영상편집: 김민정
• 김설혜 기자 [sulhye87@ichannela.com]
• [채널A 뉴스] 구독하기"
13,동아일보언론사 선정,"딥시크 쇼크에 韓증시도 흔들… ‘AI 인프라’ 울고, ‘AI 서비스’ 웃어｜동아일보",https://www.donga.com/news/Economy/article/all/20250131/130948741/2,2025-02-01,
14,천지일보,트럼프發 관세 폭탄 온다… 美 “캐나다·멕시코·중국에 최대 25% 부과” < 국제일반 < 국제 < 기사본문 - 천지일보,https://www.newscj.com/news/articleView.html?idxno=3228802,2025-02-01,"2025-04-16 14:09 (수)
전체메뉴
기사검색
상세검색
창간16주년"
15,동아일보언론사 선정,“주식 사고파는 주체 실시간 분석해 증권사 제공… 이젠 세계로”[허진석의 톡톡 스타트업]｜동아일보,https://www.donga.com/news/It/article/all/20250201/130947250/2,2025-02-01,
16,헤럴드경제언론사 선정,"한때는 17만원 “5분의 1토막, 충격적 추락”…‘딥시크 쇼크’ 속 살길 뚫리나? [투자360] - 헤럴드경제",https://biz.heraldcorp.com/article/10409456?ref=naver,2025-02-01,"신동윤 기자
구독 +"
17,뉴시스언론사 선정,"코스피, 딥시크 충격 속 변동성 확대…트럼프 관세·실적 주목[주간증시전망] :: 공감언론 뉴시스 ::",https://www.newsis.com/view/NISX20250131_0003049340,2025-02-02,"'딥시크 경계감·트럼프 관세' 변동성 장세 국면
[서울=뉴시스] 김혜진 기자 = 코스피가 전 거래일(2536.80)보다 19.43포인트(0.77%) 내린 2517.37에 장을 마감한 31일 오후 서울 중구 하나은행 딜링룸 전광판에 지수가 표시 되고 있다. 코스닥지수는 전 거래일(728.74)보다 0.45포인트(0.06%) 하락한 728.29에 거래를 종료했다. 원·달러 환율은 전 거래일(1431.3원)보다 21.4원 오른 1452.7원에 마감했다. 2025.01.31. jini@newsis.com
[서울=뉴시스] 배요한 기자 = 지난달 외국인의 순매수로 상승세를 이어가던 코스피가 예상치 못한 딥시크(DeepSeek)라는 암초를 만났다. 딥시크는 중국의 인공지능(AI) 개발사로, 저비용으로 GPT 수준의 성능을 제공하는 AI 모델을 발표하면서 기업들의 AI 투자 과열에 대한 경계감을 불러일으켰다.

이번주 국내 증시는 딥시크발 충격이 지속되는 가운데 트럼프의 관세 정책, 미국 제조업·고용 지표, 빅테크 실적 발표 등에 따른 변동성 장세가 예상된다.



2일 한국거래소에 따르면 지난주 코스피는 전주 대비 19.43포인트(0.77%) 하락한 2517.37에 거래를 마쳤다. 이 기간 유가증권시장에서 외국인은 1조4672억원을 순매수한 반면, 개인과 기관은 각각 1조1183억원과 7680억원을 순매도했다.

금융 시장은 미국의 관세 정책에 촉각을 곤두세울 전망이다. 미국 도널드 트럼프 대통령은 최근 멕시코·캐나다 수입품에 25%의 관세를 부과했으며, 중국에 대한 추가 관세 부과도 고려 중이다.

또 이번주에는 구글과 아마존이 실적 발표를 앞두고 있어 투자자들의 이목이 집중될 것으로 보인다. 딥시크에 대한 경계감이 이어지는 가운데, 시장은 빅테크 기업들의 설비투자(CapEx) 확대 여부를 주목할 것으로 보인다.



반면, 증권가에서는 딥시크 우려가 과도하게 반영됐다는 분석도 나온다. 지난 27일 딥시크의 성능이 공개된 이후 나스닥 지수는 3% 넘게 하락했고, AI 대장주인 엔비디아는 17% 가까이 급락한 바 있다.

이경민 대신증권 연구원은 ""이번 딥시크 쇼크가 오히려 미국과 중국 간 AI 경쟁 격화와 투자 모멘텀 확대를 촉진할 수 있다""며 ""엔비디아와 오픈AI를 중심으로 형성된 AI 헤게모니 변화 과정에서 단기적인 변동성은 불가피하겠지만, 이를 AI 투자 사이클 종료나 버블 붕괴로 해석하는 것은 과도하다""고 분석했다.

한편 국내 주요 기업들의 실적 발표에도 관심을 가져봐야 한다. LG화학, POSCO홀딩스, 하나금융지주, 한미약품, KB금융, 우리금융지주, 카카오뱅크, SK텔레콤, 삼성중공업, HD현대중공업, SK이노베이션, 네이버, 한화시스템 등이 지난해 4분기 실적을 공개한다.

이 연구원은 ""지난달 삼성전자의 실적 쇼크가 국내 증시 반등의 변곡점이 된 것처럼, 주요 기업들의 실적 발표가 증시 분위기 반전의 트리거(방아쇠)가 될 수 있다""며 ""실적 발표에 따라 개별 종목의 등락은 있겠지만, 코스피 전체에 미치는 영향은 제한적일 것""이라고 전망했다.

이어 ""현재 코스피의 선행 주가수익비율(PER)은 8.86배, 선행 주가순자산비율(PBR)은 0.84배로 밸류에이션 매력이 부각되고 있다""며 ""반도체, 자동차, 2차전지, 인터넷 업종은 중·장기적으로 가격 매력이 높은 만큼 관심을 가져볼 필요가 있다""고 조언했다.

◇주요 경제지표 발표 및 이벤트 일정

▲3일 = 한국 1월 S&P 제조업 PMI / 미국 1월 ISM 제조업지수

▲4일 = 12월 미국 JOLTS 구인건수, 내구재 주문

▲5일 = 한국 1월 소비자물가지수(CPI) / 미국 1월 ADP 취업자수 증감, 1월 ISM 서비스업지수 / 중국 1월 차이신 서비스업 PMI

▲6일 = 미국 4분기 비농업생산성, 주간 신규실업수당 청구건수

▲7일 = 미국 1월 실업률, 비농업 신규고용


◎공감언론 뉴시스 byh@newsis.com"
18,아시아경제언론사 선정,"[마켓ING]코스피, 리스크 해소 후 반등 기대 - 아시아경제",https://view.asiae.co.kr/article/2025020214585395039,2025-02-02,사이트맵메뉴 열기
19,연합뉴스,[마켓인사이트] 딥시크 여진에 경제지표 경계감…코스피 반등 불씨 되살릴까 | 연합뉴스,https://www.yna.co.kr/view/AKR20250201018200008?input=1195m,2025-02-02,
20,조선비즈,연휴 직후 '대어' 온다… LG CNS 다음주 코스피 입성 - 조선비즈,https://biz.chosun.com/stock/stock_general/2025/02/02/VX65ZJ6W5NFEPO7PPH5ENCLGWA/?utm_source=naver&utm_medium=original&utm_campaign=biz,2025-02-02,"박지영 기자
입력 2025.02.02. 11:31
올해 첫 공모 ‘대어’인 LG CNS가 연휴가 끝난 직후인 다음 주에 유가증권시장에 상장한다. 상반기 공모 시장에 활기를 불어넣을 수 있을지 주목된다.
현신균 LG CNS 사장이 9일 서울 여의도 콘래드호텔에서 열린 기업공개(IPO) 기자간담회에서 발표하고 있다. /LG CNS 제공
2일 금융투자업계에 따르면 다음 주(3∼7일)에 LG CNS가 유가증권시장에 상장한다. 일반 투자자들을 대상으로 한 LG CNS의 일반 청약에는 21조원이 넘는 증거금이 몰렸다.
LG CNS는 삼성SDS와 함께 국내 클라우드 분야의 주요 강자로 꼽히는 회사다. 특히 인공지능(AI) 붐으로 클라우드 수요가 커지면서 ‘AI 수혜주’로 주목받고 있다. 기업의 전산 체계를 구축하는 시스템 통합 업무와 금융·물류 산업에 최적화한 IT 및 AI 시스템을 개발하는 것도 LG CNS의 주요 매출원이다.
LG CNS는 수요예측과 일반 청약 모두 흥행에 성공했다. LG CNS에 대한 시장의 관심도가 높은 만큼 기관 투자자를 대상으로 한 수요 예측에서 114대 1의 경쟁률을 기록했다. 공모가는 희망밴드(5만3700~6만1900원) 상단인 6만1900원으로 확정됐다. 상장 후 예상 시가총액은 약 6조원이다.
아울러 삼양엔씨켐, 아이지넷, 피아이이도 다음 주 코스닥시장에 상장한다. 삼양엔씨켐은 반도체 포토레지스트(PR)의 주요 구성 요소인 폴리머와 광산발산제를 개발·생산하는 회사다. 아이지넷은 지난 2019년 보험 진단 앱 ‘보닥’을 출시한 회사다. 지난 2021년 마이데이터 본허가 승인을 기점으로 개인화된 보험 진단 서비스를 제공하고 있다.
피아이이는 머신 비전, 영상 처리, AI 기술 등을 기반으로 스마트팩토리 설루션 사업을 펼치는 기업이다.
이외에도 이번 주 수요 예측을 통해 공모가를 확정하는 기업은 위너스와 엘케이켐 등 두 곳이다. 동방메디컬과 아이에스티이, 오름테라퓨틱, 동국생명과학 등 네 곳은 일반 청약을 진행한다.
English 기사 보기
박지영 기자
오늘의 핫뉴스
""친해지길 바라""… 내부 갈등 극심한 韓 국적기 '특단책'
""5400만원 에르메스백 원가는…"" 中 공장서 충격 폭로전
400만 구독자에도 힘 못 써… 인기 여행앱, 씁쓸한 퇴장
""한강뷰 저희 주셔야죠""… 통합 재건축 시행 어려운 이유
'민주당 자문'이 콕 찍자 급등, 수십억 재미 본 경제유튜버
증권 많이 본 뉴스
“이 종목 유망합니다” 추천하며 30억원 투자한 경제유튜버 선대인
속 타는 MG손해보험 가입자... 국민청원에 집회까지
中·日 투매설에 폭락한 美 국채… 일생일대 투자 기회?
100자평
도움말삭제기준"
21,파이낸셜포스트,관세전쟁 전격 선포한 트럼프…'고래 싸움'에 韓코스피가 떨고 있는 까닭은 < 포토뉴스 < 산업 < 기사본문 - 파이낸셜포스트,https://www.financialpost.co.kr/news/articleView.html?idxno=219742,2025-02-02,"기자명
강지용 기자 입력 2025.02.02 15:01 수정 2025.02.03 11:05 댓글 0"
22,디지털타임스,"外人, 트럼프 취임후 코스피 1.3조 순매도…`1기 폭락` 반복되나 - 디지털타임스",https://www.dt.co.kr/contents.html?article_no=2025020202109963046002&ref=naver,2025-02-02,
23,비즈워치언론사 선정,"[공모주달력]LG CNS 코스피 상장, 더본코리아 락업 해제",http://news.bizwatch.co.kr/article/market/2025/01/31/0009,2025-02-02,"LG CNS 5일 상장…주가 최대 24만원까지 변동 가능성
공모가 밑으로 주가 하락한 더본코리아, 락업물량 해제
설 명절이 지나고 2월 첫째 주 공모주 일정을 알아 볼 게요. 
이번 주는 지난달 청약을 진행했던 LG CNS가 5일 유가증권시장에 상장해요. 
공모가 상단 LG CNS…따따상 갈까
지난달 공모주 청약을 진행했던 LG CNS는 기관투자자 수요예측 경쟁률 114대1, 일반청약 경쟁률 122.9대 1을 기록했고 청약증거금 21조원이 몰렸어요. 
경쟁률 자체는 높지 않았는데요. 최소수량(10주)을 청약한 일반투자자들은 균등배정으로 최대 4주까지 LG CNS 공모주를 배정받기도 했어요. 최소청약만 한 투자자들의 흔히들 겨우 1주를 받거나 1주도 받지 못하는 사례와 비교했을 때 LG CNS의 공모주 청약은 상대적으로 여유로웠던 셈이죠. 올해 상반기 IPO 대어라는 수식어 치고도 높은 경쟁률을 기록했다고 보긴 어려워요. 다만 LG CNS의 공모 수량이 워낙 많았기 때문에 증거금 21조원이 모였다는 점은 눈여겨 볼 만 해요. 
공모주를 배정받은 투자자들은 과연 상장 당일 LG CNS 주가가 어디까지 갈 수 있느냐가 가장 관심 있는 대목이죠. LG CNS주가는 공모가의 60%~400%(가격제한폭) 사이에서 움직일 예정이에요. LG CNS는 희망공모가(5만3700원~6만1900원)의 상단인 6만1900원으로 최종 공모가를 확정했죠. 따라서 상장 당일 주가는 3만7140원~24만7600원사이에서 움직일 예정이에요. 
㈜LG와 구광모 LG회장 등이 보유한 최대주주 등 특수관계인 지분 46.01%는 상장 후 6개월까지 팔 수 없어요. 아울러 이번 공모주 물량(1937만7190주) 중 절반을 구주매출로 내놔 차익실현을 한 2대 주주 크리스탈코리아 역시 남은 보유지분(21.5%)을 상장 후 6개월까지 팔 수 없어요. 
따라서 상장 당일 나올 수 있는 물량은 기관투자자와 일반투자자에게 배정한 공모주 물량밖에 없는데요. 다만 공모주 물량이 기존 발행주식(8719만7353주)의 4분의 1 수준으로 적지 않고 기관투자자의 80%가량은 의무보유확약을 걸지 않았기 때문에 상장 당일 주가가 오르면 차익실현을 하기 위해 공모주 물량을 매도할 가능성이 있어요. 
또 2대주주 크리스탈코리아 역시 차익실현을 목적으로 LG CNS에 투자한 사모펀드인 만큼 상장 후 6개월 뒤 LG CNS주식이 공모가 보다 높은 수준을 유지한다면 보유지분을 매도할 가능성이 있으니 투자자들은 이 점에 유의해야 해요. 
그나마 다행인 점은 동종업계이자 공모가 비교대상기업에 올랐던 삼성SDS, 현대오토에버의 주가가 상승추세라는 점이에요. LG CNS의 주가 역시 이들의 주가추세흐름에 영향을 받을 수 있어요. 
상장 3개월 지난 더본코리아…락업 해제 
백종원 더본코리아 대표의 인지도에 힘입어 지난해 성공적으로 유가증권시장 상장에 성공한 더본코리아. 지난해 11월 6일 상장한 뒤 벌써 상장한 지 3개월이 지나고 있는데요. 
더본코리아는 희망공모가(2만3000원~2만8000원)보다 높은 가격인 3만4000원에 공모가를 확정해 상장을 했지만 최근 주가는 공모가보다 낮은 3만원대 초반을 기록하고 있어요. 31일 장중 주가는 3만300원을 기록했는데요. 
주가가 부진한 상황에 더본코리아의 기관투자자 락업물량도 풀려요. 총 발행주식수의 2.7%(38만2935주)가량인데요. 물량이 많지는 않지만 주가가 부진한 상황에서 락업 물량이 해제되는 만큼 주가에 좋은 소식은 아니죠. 
다만 공모가보다 주가가 떨어진 상황이기 때문에 락업이 풀려도 기관투자자들이 당장 매도를 하지 않을 수 있어요. 당분간은 주가 추이를 지켜보면서 차익 시점을 주시할 가능성이 높아요. 
한가지 호재는 더본코리아가 곧 배당을 할 예정이에요. 비상장사 시절에도 배당을 하지 않았던 더본코리아는 상장을 하면 주주친화 중심 기업으로 거듭나기 위해 향후 3년 간 배당계획을 내놓은 바 있죠. 백종원 대표 등 대주주와 일반주주 간 차등배당을 통해 기업가치를 끌어 올리겠다고 밝혔는데요. 
더본코리아가 제시한 일반주주 대상 배당금(1주 기준)은 △2024년 300원 △2025년 500원 △2026년 700원이에요. 적극적인 배당정책이 지지부진한 더본코리아의 주가를 상승방향으로 돌려 놓을 수 있을지 지켜볼 만한 대목이에요. 
수요예측‧공모주 청약 진행 기업도 다수 
이 밖에도 코스닥 상장을 위해 △모티브링크 △엘케이켐 △위너스 3곳이 기관투자자 수요예측을 진행해요. 모티브링크는 친환경 자동차용 변압기를 제조하고, 엘케이켐은 반도채 소재전문 기업, 위너스는 배선기구를 생산하는 곳이죠. 
공모주청약은 △아이에스티이 △동방메디컬 △오름테라퓨틱 △동국생명과학 4곳이 진행해요. 동방메디컬은 희망공모가(9000원~1만500원)의 상단인 1만500원으로 확정공모가를 정했고요. 
희망공모가를 9700원~1만1400원 사이로 정한 아이에스티이의 확정공모가는 공모가 상단인 1만1400원으로 정했어요.  반면 동국생명과학은 희망공모가(1만2600원~1만4300원)의 하단 보다 낮은 9000원으로 확정공모가를 정했어요. 희망공모가가 2만4000원~3만원인 오름테라퓨틱은 오는 3일 최종 공모가를 발표할 예정이에요. 
아울러 LG CNS와 함께 이번 주 △삼양엔씨켐 △피아이이 △아이지넷 3곳이 코스닥 시장에 상장한다는 점 참고해주세요. 
  *공모주 수요예측 및 청약 일정은 증권신고서 중요내용 정정으로 인한 효력 발생 연기 시 미뤄질 수 있어요. 

*공시줍줍의 모든 내용은 독자들의 이해를 돕기 위한 분석일 뿐 투자 권유 또는 주식가치 상승 및 하락을 보장하는 의미를 담고 있지 않습니다."
24,한경비즈니스언론사 선정,뚜껑 열어보니 어닝 쇼크위기의 한국 기업들 │ 매거진한경,https://magazine.hankyung.com/business/article/202502027391b,2025-02-02,"홈 한경BUSINESS
뚜껑 열어보니 ‘어닝 쇼크’...위기의 한국 기업들
페이스북 공유하기
엑스 공유하기
카카오톡 공유하기
공유옵션 더보기
폰트크기조정
입력2025.02.02 09:43 수정2025.02.02 13:13
김정우 기자
4분기 실적 공개 상장사 70%가 컨센서스 하회
영업이익 추락한 기업도 상당수
코스피 EPS 하향 조정 예상
여의도 국회의사당 뒤로 증권가의 불빛이 환하게 비춰 보이고있다. 사진=김범준 기자
지난해 4분기 실적을 공개한 상장사 10곳 중 7곳의 영업이익이 시장 컨센서스(평균 전망치)에 미치지 못한 것으로 조사됐다.

2일 금융정보업체 에프앤가이드에 따르면 현재 증권사 3곳 이상이 실적 전망치를 제시한 국내 상장사 227곳 중 50곳이 지난해 4분기 실적을 발표한 상황이다.

이 가운데 전년 동기 대비 영업이익이 줄어들거나 적자 전환, 적자 확대를 기록한 기업은 25곳이다.

지난해 4분기 영업이익이 시장 전망치를 밑돈 기업은 36곳으로 집계됐다. 영업이익이 시장 전망치를 10% 이상 하회해 ‘어닝쇼크’를 낸 기업은 30곳에 달했다.

대표적인 곳이 현대건설이다. 지난해 4분기 1조7334억원의 영업손실을 기록했다. 시장 컨센서스 대비 발표 실적이 가장 부진했다. 시장 전망치는 영업이익 608억원이었다.

LG전자도 예상보다 실적이 저조했다. 지난해 4분기 영업이익이 1354억원으로 시장 전망치(3,970억원)와의 괴리율이 –65.9%를 기록했다.

물론 어닝서프라이즈를 기록한 기업도 존재한다.

삼성E&A는 지난해 4분기 견조한 해외 수주 덕에 시장 전망치(1,871억원)를 58% 웃돈 2958억원의 영업이익을 올려 어닝 서프라이즈를 기록했다. 한화오션(46.7%), 두산밥캣(41.8%), LS ELECTRIC(31.8%), 현대모비스(23.7%), 현대제철(23.4%) 등도 시장 기대를 크게 상회하는 영업이익을 올렸다.

문제는 이런 기업들 보다 실적이 저조한 기업들이 더 많다는 사실이다.

김중원 현대차증권 연구원은 “코스피는 지난해 3분기에 이어 4분기도 어닝쇼크 가능성이 크다”며 “이에 따라 코스피의 주당순이익(EPS) 전망이 올해 하향 조정될 것”이라고 전망했다.

김정우 기자 enyou@hankyung.com
© 매거진한경, 무단전재 및 재배포 금지
관련기사
(사)한국몬테소리협회, AI시대 유아교육 방향 모색 위한 포럼 개최
두산에너빌리티, 대한항공과 항공엔진 개발 '맞손'
글로벌 불매운동에… “최악의 경우 美 128조 손실”
“만원으로 한 끼 해결?” 김밥이나 짜장면 정도...또 인상
스테이블코인, 관세전쟁 선포한 미국의 마지막 달러 방어선[비트코인 A to Z]"
25,세계일보언론사 선정,엔비디아 ‘주가 대폭락’ 부른 AI 딥시크… 한국 증시 영향은 | 세계일보,http://www.segye.com/newsView/20250131510649?OutUrl=naver,2025-02-02,"설 연휴 이후 첫 개장일 한국 증시는 중국 인공지능(AI) 스타트업 딥시크(DeepSeek)발 충격으로 휘청거렸다. 설 명절 국내 증시가 휴장한 기간 동안 미국 증시를 뒤흔들었던 딥시크 충격이 뒤늦게 전해지며 SK하이닉스는 개장과 동시에 12%가량 폭락하기도 했다. 
코스피가 전 거래일(2536.80)보다 19.43포인트(0.77%) 내린 2517.37에 장을 마감한 31일 오후 서울 중구 하나은행 딜링룸 전광판에 지수가 표시 되고 있다. 코스닥지수는 전 거래일(728.74)보다 0.45포인트(0.06%) 하락한 728.29에 거래를 종료했다. 원·달러 환율은 전 거래일(1431.3원)보다 21.4원 오른 1452.7원에 마감했다.   뉴시스
31일 한국거래소에 따르면 코스피 지수는 전장보다 19.43포인트(0.77%) 내린 2517.37로 장을 마감했다.
  지수는 전장 대비 2.47포인트(0.10%) 내린 2534.33으로 약보합 출발한 뒤 딥시크 충격과 1월 미 연방공개시장위원회(FOMC)의 기준금리 동결 등 악재를 한 번에 반영하며 하락세가 강해졌다.
 
이날 오후 3시30분 기준 유가증권시장에서 외국인은 1조1213억원 순매도하며지수 하락세를 주도한 반면 개인과 기관은 각각 8928억원, 1625억원 순매수하며지수 하단을 방어했다. 이날 외국인 순매도 규모는 지난해 9월19일(1조1713억원) 이후 최대다. 외국인은 코스피200선물 시장에서도 4020억원 매도 우위를 보였다.
  이경민 대신증권 연구원은 “국내 증시는 설 연휴 동안 글로벌 증시를 강타한 딥시크 쇼크를 반영했다”며 “고성능 반도체와 대규모 데이터센터·전력설비 투자 모멘텀의 둔화 우려로 반도체, 전력기기 업종의 주가 변동성이 확대됐다”고 설명했다.
  특히 SK하이닉스가 9.86% 급락한 19만9200원에 장을 마감했다. 지난해 8월5일(-9.87%) 이후 최대 하락률이다. 앞서 뉴욕 증시에서는 저비용 고성능을 내세운 딥시크의 등장으로 엔비디아가 17% 급락하는 등 AI 반도체주가 직격탄을 맞았다. SK하이닉스는 엔비디아에 HBM을 사실상 독점 공급하고 있다.
  삼성전자(-2.42%), 한미반도체(-6.14%), LS ELECTRIC(-5.33%), HD현대일렉트릭(-7.87%) 등 다른 반도체주와 전력설비주도 동반 하락했다.
  반면 NAVER(6.13%), 카카오(7.27%), 삼성에스디에스(6.16%) 등은 딥시크 수혜주로 부각된 소프트웨어 종목은 강세를 보였다.
  코스닥 지수는 전장보다 0.45포인트(0.06%) 내린 728.29로 거래를 마쳤다. 지수는 전장 대비 3.78포인트(0.52%) 내린 724.96으로 출발했지만 장 후반 낙폭을 줄였다.
  이날 유가증권시장과 코스닥시장의 거래대금은 각각 13조2550억원, 6조4337억원을 기록했다.
  한편, 유상대 한국은행 부총재는 이날 열린 시장 상황 점검 회의에서 “연휴 기간 중 미국 증시 변동성이 정보기술(IT) 부문을 중심으로 상당폭 확대돼 국내 파급 영향을 예의주시해야 한다”고 밝혔다.
  그러면서 “미 연방준비제도(Fed·연준)의 금리인하 시기와 속도, 미국 신정부의 경제정책 추진, 국내 정치 상황 등과 관련한 불확실성이 여전히 높은 만큼 관련 위험 요인들의 전개 양상과 그 영향을 경계감을 갖고 점검해 나갈 것”이라고 했다.

박미영 기자 mypark@segye.com
[ⓒ 세계일보 & Segye.com, 무단전재 및 재배포 금지]"
26,연합뉴스언론사 선정,"코스피 '관세 전쟁' 우려에 2,450대 급락…외인 현·선물 '팔자'(종합) | 연합뉴스",https://www.yna.co.kr/view/AKR20250203027151008?input=1195m,2025-02-03,
27,뉴스1언론사 선정,"""美 관세공포, 韓 증시 덮쳤다"" 코스피, 2.52% 급락…환율 14.5원 급등 - 뉴스1",https://www.news1.kr/finance/general-stock/5677615,2025-02-03,"(서울=뉴스1) 문혜원 기자 = 코스피가 두 달 만에 최대 낙폭을 기록하며 2450선으로 후퇴했다. 미국발 관세 전쟁이 본격화하자 대미 수출 의존도가 높은 한국에 큰 타격을 줄 것이란 우려가 커지면서다.
3일 한국거래소에 따르면 코스피는 전 거래일 대비 63.42포인트(p)(2.52%) 하락한 2453.95로 거래를 마쳤다.
이로써 코스피는 지난해 12월 9일(-2.78%) 이후 가장 큰 일일 하락률을 기록했다.
외인·기관 1.2조 팔자 vs. 개인 1.1조 사자…SK하이닉스 4% 급락
코스피는 트럼프발 관세 폭탄 우려가 커지면서 하락을 피하지 못한 것으로 보인다. 도널드 트럼프 미국 대통령은 지난 1일(현지시간) 멕시코와 캐나다산에 25%, 중국산에는 10% 추가 관세를 부과하는 행정명령에 서명했다.
이경민 대신증권(003540) 연구원은 ""2월 4일까지는 협상의 여지가 남아있을 수 있으나 행정명령 세부 사항으로 해당국의 보복 조치가 취해질 경우 관세 범위와 규모가 확대될 수 있다는 점이 명시됐고 캐나다와 멕시코가 실제로 보복 의지를 표명하면서 위험 회피 심리가 강화되고 있다""고 짚었다.
이어 ""한국을 포함한 대미국 수출 흑자국이 다음 타깃이 될 수 있다는 우려에 한국, 일본, 대만, 인도네시아 등 아시아 증시가 전반적으로 하락을 피하지 못하고 있다""고 덧붙였다.
외국인과 기관의 자금 이탈이 두드러졌다. 기관은 3734억 원, 외국인은 8707억 원 각각 순매도하면서 코스피 지수를 끌어내렸다.
반면 개인은 1조 1281억 원 순매수했다. 지난해 9월 30일 이후 약 4개월 만의 최고 기록이다. '국민주' 삼성전자(005930)(005930)(-2.67%)를 포함해 기아(000270)(-5.78%) LG에너지솔루션(373220)(-4.4%) SK하이닉스(000660)(-4.17%) 등 대형주가 줄줄이 급락하면서 개인투자자들은 이를 저가 매수 기회로 판단하고 '사자'에 나선 것으로 보인다.
ⓒ News1 양혜림 디자이너
코스닥, 1월 2일 이후 최저치…환율 14.5원 '껑충'
코스닥은 전 거래일 대비 24.49p(3.36%) 하락한 703.80으로 거래를 마쳤다.
올해 첫 거래일인 1월 2일(종가 686.63)을 제외하고 연중 최저치 기록이다.
코스닥 시장에서도 개인 홀로 매수 우위를 보였다. 외국인은 1003억 원, 기관은 1910억 원 각각 순매도했고 개인은 2952억 원 순매수했다.
코스닥 시가총액 상위 10개 종목 중 레인보우로보틱스(277810) 3.34% 은 상승했다. 에코프로비엠(247540) -9.16%, 리가켐바이오(41080) -8.14%, 삼천당제약(000250) -7.17%, 에코프로(086520) -6.23%, 알테오젠(96170) -5.11%, 리노공업(058470) -2.8%, 클래시스(214150) -1.85%, 휴젤(45020) -1.26%, HLB(028300) -1.0% 등은 하락했다.
서상영 미래에셋증권(006800) 연구원은 ""반도체, 자동차, 2차전지 등 수출 기업 위주로 하락하고 있다""며 ""수출 의존도가 높은 국가 중심으로 매물이 출회된 것으로 추정된다""고 말했다.
서울외환시장에서 달러·원 환율은 전 거래일 오후 3시 30분 종가 대비 14.5원 오른 1467.2원에 마감했다.
이날 달러·원 환율은 장중 1470원을 돌파하기도 했다. 이수정 메리츠증권(008560) 연구원은 ""관세는 트럼프의 협상전략일 뿐이라는 시각이 우세했으나 실물 경제에 미칠 부정적 영향이 우려되기 시작했다""며 ""금리와 환율에 미치는 영향을 관찰할 필요가 있다""고 했다.
3일 오전 서울 중구 하나은행 본점 딜링룸 전광판./뉴스1 ⓒ News1 김성진 기자
door@news1.kr
관련 키워드
대신증권
미래에셋증권
메리츠증권
SK하이닉스
삼성전자
기아
LG에너지솔루션
시황종합
문혜원 기자
작년 코스피 배당금 10% 늘었다…""밸류업 공시법인 주주환원 앞장""
""실적 좋고 투자 잘한다""…오리온, 증권가 호평에 3% 강세[핫종목]
관련 기사
""고수익에 원금 손실 없는 IMA""…한투·미래, 도전장 내민다(종합)
폭락장 '반대매매' 공포에 '빚투개미' 위기…담보부족계좌 400% 급증
증권사 '연봉킹'은 회장·사장 아닌 '수석님'…""93억 받았다""
'증권사 28곳' 넥스트레이드 참여…점유율 87% 수준
삼성생명, 화재 편입에 7% 껑충…'밸류업' 타고 금융주 들썩[핫종목]"
28,뉴시스언론사 선정,트럼프발 관세전쟁에…코스피 2450선 '후퇴'·환율 14.5원 '급등' :: 공감언론 뉴시스 ::,https://www.newsis.com/view/NISX20250203_0003051240,2025-02-03,"코스피 2.5% 넘게 빠져 2450선 아래로 밀려나
원·달러 환율 장중 1472.5원 치솟아…급등세 지속
[서울=뉴시스] 김진아 기자 = 코스피가 트럼프발 관세전쟁 우려에 2% 넘게 하락한 3일 서울 중구 하나은행 딜링룸에서 딜러들이 업무를 보고 있다.

코스피는 전 거래일(2517.37)보다 63.42포인트(2.52%) 내린 2453.95에, 코스닥 지수는 전 거래일(728.29)보다 24.49포인트(3.36%) 하락한 703.80에 거래를 마쳤다. 서울 외환시장에서 원·달러 환율은 전 거래일(1452.7원)보다 14.5원 오른 1467.2원에 주간 거래를 마감했다.
2025.02.03. bluesoda@newsis.com


[서울=뉴시스]남주현 기자 = 도널드 트럼프 미국 대통령이 주요국들 대상으로 대규모 관세 압박을 본격화하면서 금융시장이 출렁였다. 코스피는 2.5% 넘게 빠지며 2450선대로 밀려났고, 환율은 15원 가까이 급등해 한때 1470원을 상회했다.

3일 코스피는 전장보다 63.42포인트(2.52%) 내린 2453.95에 장을 마감했다. 전 거래일 대비 48.63포인트 하락한 2468.74에 장에 나선 코스피는 곧바로 낙폭을 확대해 한 때 2437.61까지 밀려나기도 했다. 코스닥은 24.29포인트(3.36%) 떨어진 703.80에 거래를 마쳤다.



환율은 치솟았다. 이날 원·달러는 전거래일 대비 14.5원 오른 1467.2원에 거래를 마쳤다. 지난달 13일(종가1470.8원) 이후 최고치다. 1466.0원에 장에 나선 환율은 장중 1472.5원까지 치솟기도 했다. 지난달 31일(+21.1원)에 이어 이틀째 급등세다. 

이는 글로벌 무역전쟁에 대한 우려가 안전자산 선호로 이어진 결과다. 트럼프 미국 대통령은 지난 1일(현지시각) 4일부터 캐나다 및 멕시코에 대한 25% 관세와 중국산 제품에 대한 10% 관세 부과를 강행하는 행정 명령에 서명했다.

상대국들은 관세 보복을 천명하면서 갈등 격화 조짐을 보이고 있다. 쥐스탱 트뤼도 캐나다 총리는 1억550억 캐나다 달러 상당의 미국산 제품이 25% 관세를 부과하고 세계무역기구(WTO) 제소를 시사했다. 멕시코 대통령은 미국산 제품에 대한 보복 관세 대응을 선언했다.



이 결과 주요 6개국 통화대비 달러의 상대적 가치를 의미하는 달러지수는 이날 109.89까지 치솟으며 110선 가까이 다가섰다. 반면 또 다른 위험자산인 가상자산도 하락세다. 이날 가상거래소 업비트에서 오후 3시55분 현재 1비트코인은 전일대비 2.65% 내린 1억4992만원에 거래됐다.

무역 의존도 높은 우리 경제에 대한 악영향 우려도 증시에서 외국인 이탈로 이어지며 환율 급등을 부채질하는 요소다. 이날 외국인은 코스피와 코스닥에서 각각 8722억원과 1030억원어치를 팔아치웠다. 트럼프 대통령은 지난달 철강과 반도체에 관세를 부과할 것이라고 언급하기도 했다.

아사이 각국 증시도 하락했다. 일본 증시 닛케이225 평균주가도 2.66%, 대만 가권 지수도 3.53% 각각 급락한 채 장을 마쳤다. 호주의 ASX지수는 1.79% 급락했다. 중국 상해 지수는 설 연휴로 휴장했다.

이재원 신한투자증권 연구원은 ""코스피는 관세 전쟁 여파에서 벗어나지 못한 채 외국인 자금 이탈로 이어졌다""며 ""이 영향으로 원·달러 환율은 급등했고, 대부분 업종은 하락했다""고 설명했다.


◎공감언론 뉴시스 njh32@newsis.com"
29,머니S언론사 선정,'관세 공포'에 파랗게 질린 코스피… 시총 상위 10개 모두 파란불 - 머니S,https://www.moneys.co.kr/article/2025020314163458646,2025-02-03,"'관세 공포'에 파랗게 질린 코스피… 시총 상위 10개 모두 파란불
전민준 기자
2025.02.03 | 14:18:34
0
3일 오전 서울 중구 하나은행 본점 딜링룸 전광판에 삼성전자와 SK 하이닉스의 시황이 표시되고 있다./사진=뉴스1 김성진 기자

도널드 트럼프 미국 대통령이 본격적인 관세전쟁 포문을 열면서 코스피 대표 종목들이 새파랗게 질렸다. 시가총액 10위까지 모두 약세를 기록하고 있다.

3일 한국거래소에 따르면 이날 오후 2시5분 현재 코스피 시총 10위 모두 하락하고 있다. 삼성전자는 전 거래일 보다 3.05% 하락한 5만800원, SK하이닉스는 5.27% 떨어진 18만8700원에 거래 중이다.


이 외에 LG에너지솔루션(3.41%), 삼성바이오로직스(0.19%), 현대차(1.7%) 기아(5.78%), 셀트리온(2.11%), KB금융(2.84%), 삼성전자우(2.91%), 네이버(0.69%) 등도 하락세를 기록했다.

주요 종목의 주가하락에는 '트럼프발 관세 리스크'가 영향을 미쳤다. 앞서 도널드 트럼프 미국 대통령은 1일(현지시간) 멕시코와 캐나다산에 25%, 중국산에는 10% 추가 관세를 부과하는 행정명령에 서명했다.

상대국들은 관세 보복을 천명하면서 갈등 격화 조짐을 보이고 있다. 쥐스탱 트뤼도 캐나다 총리는 1억550억 캐나다 달러 상당의 미국산 제품이 25% 관세를 부과하고 세계무역기구(WTO) 제소를 시사했다.


멕시코 대통령은 미국산 제품에 대한 보복 관세 대응을 선언했다. 과거 트럼프 1기 때도 관세전쟁이 시작되자 외국인들이 한국 주식을 처분하면서 2600포인트(p)에 육박했던 코스피 지수가 1996p까지 밀렸었다.

2018년 트럼프 1기 정부가 중국에 대한 고율 관세뿐만 아니라 동맹국인 한국까지 일부 품목에 관세를 부과하면서 기업들이 타격을 입었고, 한국의 경제성장률은 2.9%에서 이듬해 2%까지 떨어졌다.

2018년 1월 2598.19까지 올랐던 코스피는 같은 해 10월 1996.05까지 내리는 등 변동성이 컸다. 트럼프 취임 이후 '관세 폭탄'은 이전부터 예상됐지만 국내 증시에 미치는 악영향은 상당할 것으로 보인다.

한지영 키움증권 투자전략팀장은 ""외국인, 기관이 양시장서 동반 순매도로 지수를 끌어내리고 있다""며 ""원인은 트럼프 관세""라고 했다.
<저작권자 ⓒ ‘성공을 꿈꾸는 사람들의 경제 뉴스’ 머니S, 무단전재 및 재배포 금지>
<보도자료 및 기사 제보 ( moneys@mt.co.kr )>
전민준 기자
minjun84@mt.co.kr
안녕하세요 머니S 전민준 기자입니다.
이 기자의 다른 기사 보기
관련기사
코스피, 트럼프 관세 충격에 2450선 붕괴… 외인·기관 6300억원 순매도
코스피, 2500선 붕괴… 외인·기관 2800억원 '팔자'에 와르르"
30,연합뉴스언론사 선정,"미국발 관세전쟁 시작…환율 1,470원, 코스피 2,440 한 때 깨져(종합) | 연합뉴스",https://www.yna.co.kr/view/AKR20250203059751002?input=1195m,2025-02-03,
31,연합뉴스,"코스피, '관세전쟁' 여파 2,500선 붕괴 | 연합뉴스",https://www.yna.co.kr/view/PYH20250203014400013?input=1196m,2025-02-03,"한상균기자
구독
이미지 확대
(서울=연합뉴스) 한상균 기자 = 도널드 트럼프 미국 행정부의 관세 부과 충격에 3일 코스피는 하락 출발했다. 이날 코스피는 48.63p(1.93%) 내린 2,468.74로 개장했다. 코스닥은 10.03p(1.38%) 내린 718.26, 원/달러 환율은 13.3원 오른 1,466.0원으로 시작했다. 사진은 이날 서울 하나은행 본점 딜링룸 모습. 2025.2.3
xyz@yna.co.kr
제보는 카카오톡 okjebo
<저작권자(c) 연합뉴스, 무단 전재-재배포, AI 학습 및 활용 금지> 2025/02/03 09:30 송고 2025년02월03일 09시30분 송고
#코스피
#급락
좋아요0
슬퍼요0
화나요0
후속요청0
댓글 작성하기
국내 최대 원스톱 콘텐츠 제공 플랫폼
함께 보면 좋은 콘텐츠
by
데이블
광고
함께 읽기 좋은 콘텐츠
Taboola 후원링크
광고
북마크 공유
댓글 글자크기
프린트 제보"
32,머니S언론사 선정,'관세 공포'에 파랗게 질린 코스피… 시총 상위 10개 모두 파란불 - 머니S,https://www.moneys.co.kr/article/2025020314163458646,2025-02-03,"'관세 공포'에 파랗게 질린 코스피… 시총 상위 10개 모두 파란불
전민준 기자
2025.02.03 | 14:18:34
0
3일 오전 서울 중구 하나은행 본점 딜링룸 전광판에 삼성전자와 SK 하이닉스의 시황이 표시되고 있다./사진=뉴스1 김성진 기자

도널드 트럼프 미국 대통령이 본격적인 관세전쟁 포문을 열면서 코스피 대표 종목들이 새파랗게 질렸다. 시가총액 10위까지 모두 약세를 기록하고 있다.

3일 한국거래소에 따르면 이날 오후 2시5분 현재 코스피 시총 10위 모두 하락하고 있다. 삼성전자는 전 거래일 보다 3.05% 하락한 5만800원, SK하이닉스는 5.27% 떨어진 18만8700원에 거래 중이다.


이 외에 LG에너지솔루션(3.41%), 삼성바이오로직스(0.19%), 현대차(1.7%) 기아(5.78%), 셀트리온(2.11%), KB금융(2.84%), 삼성전자우(2.91%), 네이버(0.69%) 등도 하락세를 기록했다.

주요 종목의 주가하락에는 '트럼프발 관세 리스크'가 영향을 미쳤다. 앞서 도널드 트럼프 미국 대통령은 1일(현지시간) 멕시코와 캐나다산에 25%, 중국산에는 10% 추가 관세를 부과하는 행정명령에 서명했다.

상대국들은 관세 보복을 천명하면서 갈등 격화 조짐을 보이고 있다. 쥐스탱 트뤼도 캐나다 총리는 1억550억 캐나다 달러 상당의 미국산 제품이 25% 관세를 부과하고 세계무역기구(WTO) 제소를 시사했다.


멕시코 대통령은 미국산 제품에 대한 보복 관세 대응을 선언했다. 과거 트럼프 1기 때도 관세전쟁이 시작되자 외국인들이 한국 주식을 처분하면서 2600포인트(p)에 육박했던 코스피 지수가 1996p까지 밀렸었다.

2018년 트럼프 1기 정부가 중국에 대한 고율 관세뿐만 아니라 동맹국인 한국까지 일부 품목에 관세를 부과하면서 기업들이 타격을 입었고, 한국의 경제성장률은 2.9%에서 이듬해 2%까지 떨어졌다.

2018년 1월 2598.19까지 올랐던 코스피는 같은 해 10월 1996.05까지 내리는 등 변동성이 컸다. 트럼프 취임 이후 '관세 폭탄'은 이전부터 예상됐지만 국내 증시에 미치는 악영향은 상당할 것으로 보인다.

한지영 키움증권 투자전략팀장은 ""외국인, 기관이 양시장서 동반 순매도로 지수를 끌어내리고 있다""며 ""원인은 트럼프 관세""라고 했다.
<저작권자 ⓒ ‘성공을 꿈꾸는 사람들의 경제 뉴스’ 머니S, 무단전재 및 재배포 금지>
<보도자료 및 기사 제보 ( moneys@mt.co.kr )>
전민준 기자
minjun84@mt.co.kr
안녕하세요 머니S 전민준 기자입니다.
이 기자의 다른 기사 보기
관련기사
코스피, 트럼프 관세 충격에 2450선 붕괴… 외인·기관 6300억원 순매도
코스피, 2500선 붕괴… 외인·기관 2800억원 '팔자'에 와르르"
33,중앙일보,[포토타임] 트럼프발 관세폭탄 악재로 코스피 폭락 마감 | 중앙일보,https://www.joongang.co.kr/article/25311198,2025-02-03,"사회 사회일반 포토타임
LIVE : [포토타임] 트럼프발 관세폭탄 악재로 코스피 폭락 마감
중앙일보
입력 2025.02.03 09:48
업데이트 2025.02.03 17:18
업데이트 정보 더보기
강정현 기자 
구독





오늘의 국내 주요 뉴스 사진(전송시간 기준)을 한눈에 파악할 수 있도록 실시간 업데이트합니다.
LIVE 마지막 업데이트 2025.02.03 17:18
[포토타임] 트럼프발 관세폭탄 악재로 코스피 폭락 마감
[포토타임] 이재용 삼성전자 회장...부당합병 의혹사건 2심 무죄
[포토타임] 화재 일주일만에 에어부산 여객기 합동감식
[포토타임] 입춘 한파 출근길...내일은 더 춥다
오후 4:10
[포토타임] 트럼프발 관세폭탄 악재로 코스피 폭락 마감
기사 링크 복사 버튼
도널드 트럼프 미국 대통령이 던진 관세폭탄으로 인해 국내 증시가 하락 마감한 3일 오후 서울 영등포구 여의도 한국거래소 전광판에 증시 종가가 표시되고 있다. 이날 코스피 지수는 전 거래일 대비 63.42포인트(p)(2.52%) 하락한 2453.95로 코스닥 지수는 24.49p(3.36%) 하락한 703.80으로 장을 마감했다. 서울 외환시장에서 달러·원 환율은 14.5원 오른 1467.2원으로 장을 마쳤다.
뉴스1
연합뉴스
오후 3:45
[포토타임] 이재용 삼성전자 회장...부당합병 의혹사건 2심 무죄
기사 링크 복사 버튼
 이재용 삼성전자 회장(앞줄 왼쪽 둘재)이 3일 오후 서울고등법원에서 열린 삼성물산-제일모직 부당합병 의혹 사건 2심 공판에서 무죄를 선고받은 뒤 법원을 나서며 취재진의 질문을 받고 있다.
김경록 기자
김경록 기자
오전 10:40
[포토타임] 화재 일주일만에 에어부산 여객기 합동감식
기사 링크 복사 버튼
3일 오전 부산 강서구 김해국제공항 에어부산 항공기 화재 현장에서 국토부 항공철도사고조사위원회, 프랑스 항공사고조사위원회(BEA), 국립과학수사연구원, 경찰 과학수사대, 소방 관계자들이 합동 감식을 하고 있다.
송봉근 기자
송봉근 기자
송봉근 기자
오전 9:10
[포토타임] 입춘 한파 출근길...내일은 더 춥다
기사 링크 복사 버튼
입춘 한파가 몰아친 3일 오전 서울 광화문네거리에서 시민들이 두꺼운 외투를 입고 출근하고 있다. 기상청은 이날 전국적으로 한파가 몰아치는 가운데 전라도와 제주도를 중심으로 많은 눈이 내릴것으로 예보했다. 기상청은 내일(4일)과 모레(5일)는 아침 기온이 -19~-4도까지 내려가면서 한파 특보가 확대될 가능성이 클 것으로 전망했다.
포토타임
최신 기사
[포토타임] 국민안전의 날 맞아 안전체험하는 어린이들
2025.04.16 09:34
[포토타임] 모처럼 쾌청한 하늘...16일부터 평년기온 회복
2025.04.15 09:19
[포토타임] 금값 상승세 지속...온스(약28.35g) 당 3200달러
2025.04.14 09:11
뉴스1
뉴스1
더 중앙 플러스
성공한 노무현, 실패한 노무현
“별 달고 거들먹…돈 어디썼나” 盧, 군 비판하며 국방개혁 열변 
盧, 남미서 이승만 칭송하다니 해외순방이 세계관을 바꿨다 
잔뜩 긴장했던 盧 재벌 개혁 일자리에 밀려 꼬리 내렸다 
1/10
# 전송시간 기준
# 국내 주요
1
0
댓글 작성하기"
34,동아일보언론사 선정,"트럼프 관세 쇼크에…코스피 2500선 붕괴, 환율 1470원대 급등｜동아일보",https://www.donga.com/news/Economy/article/all/20250203/130955564/1,2025-02-03,
35,동아일보언론사 선정,트럼프發 ‘관세 쇼크’에 코스피 2450대 하락…환율 1460원대 상승 마감｜동아일보,https://www.donga.com/news/Economy/article/all/20250203/130958317/2,2025-02-03,
36,뉴스1언론사 선정,"코스피, 2.52% 하락 2453.95선 마감…코스닥 3.36%↓(2보) - 뉴스1",https://www.news1.kr/finance/general-stock/5677549,2025-02-03,"ⓒ News1 DB
(서울=뉴스1) 문혜원 기자 = 3일 코스피는 전 거래일 종가와 비교해 63.42포인트(p)(2.52%) 하락한 2453.95로 마감했다.
코스닥은 전 거래일 대비 24.49p(3.36%) 하락한 703.80으로 장을 마쳤다.
서울외환시장에서 달러·원 환율은 전 거래일 오후 3시 30분 종가 대비 14.5원 오른 1467.2원에 마감했다.
door@news1.kr
문혜원 기자
작년 코스피 배당금 10% 늘었다…""밸류업 공시법인 주주환원 앞장""
""실적 좋고 투자 잘한다""…오리온, 증권가 호평에 3% 강세[핫종목]"
37,조선일보언론사 선정,"코스피, 미국發 관세쇼크에 2400대로 털썩... 환율 1470원대 육박",https://www.chosun.com/economy/money/2025/02/03/ZILKDBY4I5FELL5LN5ZETRGX2A/?utm_source=naver&utm_medium=referral&utm_campaign=naver-news,2025-02-03,"김승현 기자
업데이트 2025.02.03. 17:55
31
미국의 보편 관세 정책으로 인한 불확실성으로 코스피가 3일 2.5% 넘게 하락했다.
한국거래소에 따르면, 이날 코스피는 전 거래일 대비 2.52% 하락한 2453.95로 장을 마감했다. 코스피는 이날 오전 한 때 3% 넘게 빠지며 2440선이 깨지기도 했다. 특히 트럼프 관세 정책의 직접적인 타깃이 된 멕시코, 캐나다 등에 현지 공장을 갖고 있는 국내 대형주들의 주가 하락 폭이 컸다.
도널드 트럼프 미 대통령이 캐나다·멕시코에 25% 관세, 중국에 10% 추가 관세를 부과하는 행정명령에 서명한 뒤 금융시장이 처음 개장한 3일, 아시아 증시 역시 급락했다. 이날 일본 닛케이평균(-2.66%), 대만 가권(-3.53%) 등 주요 지수가 일제히 하락했다. 서울 외환시장에 따르면 달러 대비 원화 환율은 오후 3시 30분 종가 기준 전 거래일인 1452.7원 대비 14.5원 오른 1467.2원에 마감했다.
3일 오전 서울 중구 하나은행 본점 딜링룸 전광판에 증시 시황이 표시되고 있다./뉴스1
한국거래소에 따르면, 외국인과 기관은 이날 코스피 시장에서 각각 8706억원, 3730억원 가량을 순매도(매도가 매수보다 많은 것)했다. 개인만이 1조1276억원 가량 순매수했다. 삼성전자(-2.67%), SK하이닉스(-4.17%), LG에너지솔루션(-4.40%) 등 국내 시가총액 상위 종목 대다수가 주가 하락을 겪었다.
특히 트럼프발 관세전쟁의 직격탄을 맞게 될 기업들의 주가 하락 폭이 컸다. 냉장고 등 일부 가전제품을 멕시코에서 조립하는 LG전자는 이날 7.13% 폭락했다. 역시 멕시코에 공장이 있는 기아는 5.78% 하락했고, 캐나다 GM과 합작해 전기차 배터리 소재 생산에 투자한 포스코퓨처엠은 9.66% 폭락해 2022년 8월 이후 최저치를 보이고 있다.
이날 코스피 하락세는 도널드 트럼프 미국 대통령의 보편 관세 실행 예고로 인해 국내 증시에 대한 불확실성이 높아졌기 때문이라는 분석이 나온다. 앞서 트럼프 대통령은 국제비상경제권법(IEEPA)에 따라 멕시코, 캐나다에서 들어오는 제품에는 각각 25%, 중국에서 들어오는 제품은 10%의 관세를 부과하는 행정명령에 서명한 바 있다.
미국발 관세전쟁 여파로 아시아 증시도 이날 약세를 보였다. 일본 닛케이평균은 전 거래일 대비 2.66% 가량 하락한 3만8520.09에 거래를 마쳤. 대만 가권지수는 3.54% 하락했다. 전체 시총의 30% 이상을 차지하는 TSMC 주가가 5.7% 넘게 하락했기 때문이다.
◇비트코인 9만3000달러선 무너져
비트코인 등 가상화폐 가격도 무너지고 있다. 이날 가상자산 통계 사이트 코인마켓캡에 따르면, 비트코인 가격은 이날 4시 7분 기준 전일 대비 5.89% 하락 9만4147달러(약 1억 3797만원)를 기록하고 있다. 트럼프 행정부의 관세 전쟁은 인플레이션을 일으킬 가능성이 크고, 이는 미국 등 주요국의 금리 인하를 막거나 도리어 인상하게 해 가상자산에 대한 수요 또한 줄어든다는 전망이 나온다. 이더리움 가격도 하루새 18% 가량 하락하고 있다.
#트럼프
#코스피
#가상화폐
관련 기사
韓 ·日·대만 증시, 반도체·자동차 등 수출주 급락
도널드 트럼프 대통령이 관세 전쟁의 개전 버튼을 누른 뒤 처음 맞는 주식, 외환시장 거래일인 3일 오전, 서울 유가증권 시장이 개장하자 940여...
트럼프發 관세 도미노에... 이재명 ""국회 '통상특위' 제안""
더불어민주당 이재명 대표는 3일 도널드 트럼프 미국 대통령이 캐나다, 멕시코, 중국에 대한 전면적인 관세 부과 행정명령과 관련해 “국회에 통상특...
트럼프 ""관세, 미국에 고통 줄 수 있지만 그만한 가치 있어""
도널드 트럼프 미국 대통령이 캐나다와 멕시코 등에 25%의 관세를 부과하면 미국의 물가 상승을 촉발할 것이라는 일부 우려를 인정하면서도 “그러한...
캐나다 ""美 WTO에 제소"", 멕시코""3일 대응책 공개""...불붙는 관세 전쟁
미국의 관세 부과에 대해 캐나다도 중국에 이어 세계무역기구(WTO)에 제소하기로 했다. 미 정책에 대응하는 ‘플랜 B’를 시행하기로 한 멕시코는...
김승현 기자  
구독
구독수
52
많이 본 뉴스
20억 아파트, 자식에게 3억원 싸게 줄 수 있다
강남구에 사는 현모(67)씨는 내년 손자의 초등학교 입학을 앞두고 고민에 빠졌다. 손자의 학군을 고려할 때 현재 집을 자녀에게 증여하는...
노화를 늦추는 가장 간편한 식사 방법
조선몰은 국내 제조·유통기업의 판로를 돕고, 독자 혜택을 위해 정산·교환·반품·AS 걱정이 없는 우수 제품을 단독 최저가로 소개합니다....
""한국형 챗GPT 전국민 무료 사용"" 이재명 AI 주요 공약 분석해보니
이재명 전 더불어민주당 대표가 인공지능(AI) 100조원 투자와 ‘한국형 챗GPT’ 전 국민 무료 사용, 국가 AI 데이터 클러스터 조...
100자평31
도움말삭제기준
최신순찬성순반대순관심순
청꿀
2025.02.03 21:43:28
2200은 지키겠지...?
답글
1
2
0
필대죽
2025.02.03 14:59:22
 관리 규정 위반으로 삭제한 100자평입니다
청누리대
2025.02.03 14:20:52
주사계획대로 되가는 모냥이네.. 전복 맛나겄다..
답글작성
2
0
더보기"
38,연합뉴스,코스피 급락 | 연합뉴스,https://www.yna.co.kr/view/PYH20250203017700013?input=1196m,2025-02-03,"한상균기자
구독
이미지 확대
(서울=연합뉴스) 한상균 기자 = 도널드 트럼프 미국 행정부의 관세 부과 충격에 3일 코스피는 하락 출발했다. 이날 코스피는 48.63p(1.93%) 내린 2,468.74로 개장했다. 코스닥은 10.03p(1.38%) 내린 718.26, 원/달러 환율은 13.3원 오른 1,466.0원으로 시작했다. 사진은 이날 서울 하나은행 본점 딜링룸 모습. 2025.2.3
xyz@yna.co.kr
제보는 카카오톡 okjebo
<저작권자(c) 연합뉴스, 무단 전재-재배포, AI 학습 및 활용 금지> 2025/02/03 09:37 송고 2025년02월03일 09시37분 송고
#코스피
#급락
좋아요0
슬퍼요0
화나요0
후속요청0
댓글 작성하기
국내 최대 원스톱 콘텐츠 제공 플랫폼
함께 보면 좋은 콘텐츠
by
데이블
광고
함께 읽기 좋은 콘텐츠
Taboola 후원링크
광고
북마크 공유
댓글 글자크기
프린트 제보"
